first_name,last_name,email,date,hashtag,mentions,message
Felice,Raffles,fraffles0@yandex.ru,1/5/2023,Purple,Chevrolet,magnis dis parturient montes nascetur ridiculus mus vivamus vestibulum sagittis
Dorolice,Bruckent,dbruckent1@icio.us,7/3/2023,Maroon,GMC,non sodales sed tincidunt eu felis fusce posuere felis sed lacus morbi sem
Neale,Duer,nduer2@mysql.com,10/23/2022,Aquamarine,Mercury,sapien non mi integer ac neque duis bibendum morbi non quam nec dui luctus
Dot,Torfin,dtorfin3@wix.com,12/7/2022,Goldenrod,Ford,felis donec semper sapien a libero nam dui proin leo odio porttitor id consequat
Caresse,Rubinek,crubinek4@webeden.co.uk,11/12/2022,Blue,MINI,maecenas leo odio condimentum id luctus nec molestie sed justo pellentesque viverra pede ac diam cras pellentesque volutpat
Arluene,Bedell,abedell5@tiny.cc,4/20/2023,Pink,Cadillac,lectus in quam fringilla rhoncus mauris enim leo rhoncus sed vestibulum
Dorolice,Suttill,dsuttill6@bigcartel.com,3/29/2023,Maroon,Honda,duis aliquam convallis nunc proin at turpis a pede posuere
Nikolia,MacColl,nmaccoll7@imgur.com,7/29/2023,Maroon,Ford,id ligula suspendisse ornare consequat lectus in est risus auctor sed tristique in tempus sit amet sem fusce
Mickey,Sainte Paul,msaintepaul8@cnbc.com,3/13/2023,Violet,Chevrolet,nunc commodo placerat praesent blandit nam nulla integer pede justo lacinia
Ingrid,Salvidge,isalvidge9@walmart.com,5/4/2023,Aquamarine,Jeep,penatibus et magnis dis parturient montes nascetur ridiculus mus vivamus vestibulum sagittis sapien
Adlai,Simonnot,asimonnota@china.com.cn,11/24/2022,Puce,Volkswagen,proin interdum mauris non ligula pellentesque ultrices phasellus id sapien in sapien iaculis congue vivamus metus arcu adipiscing molestie
Caryn,Bellwood,cbellwoodb@paginegialle.it,3/23/2023,Khaki,Chevrolet,ultrices enim lorem ipsum dolor sit amet consectetuer adipiscing elit proin
Lois,Slayford,lslayfordc@biblegateway.com,10/12/2023,Yellow,Chevrolet,primis in faucibus orci luctus et ultrices posuere cubilia curae donec pharetra magna vestibulum
Raffarty,Lohrensen,rlohrensend@amazon.co.uk,5/14/2023,Maroon,Saab,consequat nulla nisl nunc nisl duis bibendum felis sed interdum venenatis turpis enim
Eudora,Tansley,etansleye@deviantart.com,12/26/2022,Red,Mitsubishi,massa id nisl venenatis lacinia aenean sit amet justo morbi ut odio cras mi pede malesuada in imperdiet et
Hervey,Kerby,hkerbyf@artisteer.com,10/2/2023,Violet,Daewoo,sem praesent id massa id nisl venenatis lacinia aenean sit
Kora,Lazare,klazareg@comsenz.com,3/16/2023,Green,Toyota,sollicitudin ut suscipit a feugiat et eros vestibulum ac est lacinia nisi venenatis tristique fusce congue diam id ornare
Aurore,Blatchford,ablatchfordh@amazon.co.jp,5/26/2023,Puce,Mazda,augue vestibulum rutrum rutrum neque aenean auctor gravida sem praesent id massa id nisl venenatis lacinia
Todd,Stave,tstavei@ebay.com,8/7/2023,Aquamarine,Plymouth,vel ipsum praesent blandit lacinia erat vestibulum sed magna at nunc commodo
Trace,Bone,tbonej@forbes.com,12/4/2022,Pink,Ford,nunc rhoncus dui vel sem sed sagittis nam congue risus semper porta volutpat quam pede lobortis
Denis,Letessier,dletessierk@1688.com,12/16/2022,Violet,Saturn,hac habitasse platea dictumst maecenas ut massa quis augue luctus tincidunt nulla
Kamillah,Hulburd,khulburdl@google.es,10/18/2022,Pink,Mercury,in faucibus orci luctus et ultrices posuere cubilia curae mauris viverra diam vitae quam
Nettle,Lombardo,nlombardom@seattletimes.com,5/12/2023,Teal,Audi,lectus vestibulum quam sapien varius ut blandit non interdum in ante vestibulum ante ipsum primis in faucibus orci
Isahella,Delea,idelean@ustream.tv,10/24/2022,Turquoise,Mitsubishi,posuere felis sed lacus morbi sem mauris laoreet ut rhoncus aliquet pulvinar sed nisl nunc rhoncus dui vel
Kailey,Inston,kinstono@google.com.hk,11/26/2022,Green,Buick,ut tellus nulla ut erat id mauris vulputate elementum nullam varius nulla facilisi cras non velit nec nisi
Gilbertina,Agass,gagassp@pcworld.com,2/14/2023,Violet,Nissan,sed lacus morbi sem mauris laoreet ut rhoncus aliquet pulvinar sed nisl nunc rhoncus dui vel
Flo,Folkard,ffolkardq@reference.com,6/12/2023,Mauv,Audi,aliquam augue quam sollicitudin vitae consectetuer eget rutrum at lorem integer tincidunt ante
Natty,Pisco,npiscor@prlog.org,3/12/2023,Violet,Chrysler,in porttitor pede justo eu massa donec dapibus duis at velit eu
Herrick,Lohde,hlohdes@furl.net,3/20/2023,Violet,Porsche,integer tincidunt ante vel ipsum praesent blandit lacinia erat vestibulum sed magna at nunc commodo placerat praesent blandit nam nulla
Zed,Kepe,zkepet@desdev.cn,11/8/2022,Turquoise,Chevrolet,sodales scelerisque mauris sit amet eros suspendisse accumsan tortor quis turpis sed ante
Inessa,Verrell,iverrellu@typepad.com,7/16/2023,Red,Volkswagen,massa id lobortis convallis tortor risus dapibus augue vel accumsan tellus nisi eu orci
Thomasina,Treleven,ttrelevenv@comcast.net,6/12/2023,Violet,Buick,volutpat dui maecenas tristique est et tempus semper est quam pharetra magna
Corabella,Peres,cperesw@wikispaces.com,8/15/2023,Yellow,Lexus,posuere cubilia curae donec pharetra magna vestibulum aliquet ultrices erat tortor sollicitudin mi
Pierce,Walisiak,pwalisiakx@unicef.org,9/23/2023,Crimson,Toyota,cras in purus eu magna vulputate luctus cum sociis natoque penatibus et magnis
Dorris,Francescuzzi,dfrancescuzziy@accuweather.com,10/8/2023,Yellow,Dodge,ultrices libero non mattis pulvinar nulla pede ullamcorper augue a suscipit nulla elit
Dee,Pittman,dpittmanz@studiopress.com,10/18/2022,Crimson,Mercedes-Benz,ut nulla sed accumsan felis ut at dolor quis odio
Eleen,McMeyler,emcmeyler10@nyu.edu,3/26/2023,Yellow,Honda,ornare consequat lectus in est risus auctor sed tristique in tempus sit
Deck,Yegoshin,dyegoshin11@xing.com,9/20/2023,Pink,BMW,non velit donec diam neque vestibulum eget vulputate ut ultrices vel augue vestibulum ante ipsum primis in
Daron,Poskitt,dposkitt12@oakley.com,2/24/2023,Turquoise,Lamborghini,lorem id ligula suspendisse ornare consequat lectus in est risus
Siusan,Livett,slivett13@bravesites.com,4/6/2023,Fuscia,Volkswagen,quam suspendisse potenti nullam porttitor lacus at turpis donec posuere metus vitae ipsum aliquam
Gabbey,Hatwells,ghatwells14@apple.com,3/21/2023,Aquamarine,Saab,morbi odio odio elementum eu interdum eu tincidunt in leo maecenas pulvinar lobortis est phasellus sit amet
Alane,McGuigan,amcguigan15@dion.ne.jp,2/9/2023,Mauv,Mazda,vestibulum eget vulputate ut ultrices vel augue vestibulum ante ipsum primis in faucibus orci
Di,Willes,dwilles16@apple.com,12/29/2022,Green,GMC,gravida sem praesent id massa id nisl venenatis lacinia aenean sit
Eduino,Switland,eswitland17@live.com,7/2/2023,Purple,Toyota,condimentum id luctus nec molestie sed justo pellentesque viverra pede ac diam cras pellentesque volutpat dui maecenas tristique est et
Audrey,Kenwell,akenwell18@dion.ne.jp,3/21/2023,Aquamarine,Chevrolet,amet erat nulla tempus vivamus in felis eu sapien cursus vestibulum proin eu
Donica,Caddie,dcaddie19@yale.edu,7/16/2023,Turquoise,Porsche,nunc vestibulum ante ipsum primis in faucibus orci luctus et ultrices posuere cubilia curae mauris viverra diam vitae
Carlyle,Seak,cseak1a@blogs.com,12/2/2022,Turquoise,Mercury,vitae ipsum aliquam non mauris morbi non lectus aliquam sit amet diam in magna bibendum imperdiet nullam orci
Melina,Jovovic,mjovovic1b@printfriendly.com,6/8/2023,Turquoise,Subaru,erat tortor sollicitudin mi sit amet lobortis sapien sapien non mi integer ac neque
Arnuad,Hancock,ahancock1c@soup.io,8/23/2023,Red,Nissan,cum sociis natoque penatibus et magnis dis parturient montes nascetur ridiculus mus vivamus vestibulum sagittis sapien cum sociis natoque penatibus
Abbie,Druitt,adruitt1d@creativecommons.org,5/3/2023,Maroon,Mitsubishi,praesent id massa id nisl venenatis lacinia aenean sit amet justo morbi
Sidoney,Ziemsen,sziemsen1e@instagram.com,8/4/2023,Turquoise,Volvo,nulla pede ullamcorper augue a suscipit nulla elit ac nulla sed vel enim sit amet nunc viverra dapibus nulla
Allison,Brightey,abrightey1f@sourceforge.net,3/8/2023,Teal,Ford,cursus id turpis integer aliquet massa id lobortis convallis tortor risus dapibus augue
Margi,Eldritt,meldritt1g@blogspot.com,12/26/2022,Pink,Jeep,neque aenean auctor gravida sem praesent id massa id nisl venenatis lacinia aenean sit amet justo
Fern,Baumford,fbaumford1h@unicef.org,1/8/2023,Pink,Mitsubishi,vel est donec odio justo sollicitudin ut suscipit a feugiat et eros vestibulum ac est lacinia nisi venenatis
Ambrosi,Toffetto,atoffetto1i@archive.org,4/3/2023,Goldenrod,Volkswagen,vestibulum aliquet ultrices erat tortor sollicitudin mi sit amet lobortis sapien sapien non mi integer
Zedekiah,Yakubowicz,zyakubowicz1j@edublogs.org,10/25/2022,Green,Honda,ipsum primis in faucibus orci luctus et ultrices posuere cubilia curae donec pharetra
Xenia,Durtnell,xdurtnell1k@ycombinator.com,9/29/2023,Indigo,Chevrolet,vivamus vel nulla eget eros elementum pellentesque quisque porta volutpat erat
Camila,Hanington,chanington1l@goo.ne.jp,6/27/2023,Khaki,Ford,faucibus orci luctus et ultrices posuere cubilia curae mauris viverra diam vitae quam
Colver,Le Barr,clebarr1m@wordpress.org,10/16/2022,Red,Dodge,in felis donec semper sapien a libero nam dui proin leo odio porttitor id consequat in consequat ut
Mortie,Joblin,mjoblin1n@google.es,5/21/2023,Yellow,Dodge,sed interdum venenatis turpis enim blandit mi in porttitor pede justo eu
Fenelia,Mochan,fmochan1o@theatlantic.com,6/25/2023,Puce,Ford,lorem ipsum dolor sit amet consectetuer adipiscing elit proin risus praesent lectus
Josi,Stockton,jstockton1p@dedecms.com,7/5/2023,Puce,Mazda,aliquam augue quam sollicitudin vitae consectetuer eget rutrum at lorem integer tincidunt ante vel ipsum
Dedie,Attiwill,dattiwill1q@foxnews.com,7/4/2023,Turquoise,Pontiac,tempus vivamus in felis eu sapien cursus vestibulum proin eu mi
Gregoire,Tudhope,gtudhope1r@google.co.jp,5/18/2023,Turquoise,Volvo,vestibulum velit id pretium iaculis diam erat fermentum justo nec condimentum neque sapien placerat
Valeria,Leggs,vleggs1s@cdbaby.com,4/20/2023,Purple,Jaguar,pretium iaculis justo in hac habitasse platea dictumst etiam faucibus cursus urna ut tellus nulla ut erat id mauris vulputate
Olva,Dines,odines1t@shutterfly.com,10/11/2023,Pink,Ford,penatibus et magnis dis parturient montes nascetur ridiculus mus vivamus vestibulum sagittis sapien cum sociis natoque penatibus et magnis dis
Janeta,Kettle,jkettle1u@nifty.com,5/17/2023,Maroon,GMC,at dolor quis odio consequat varius integer ac leo pellentesque ultrices mattis odio donec vitae nisi nam ultrices
Toinette,Dencs,tdencs1v@usnews.com,5/18/2023,Khaki,Chevrolet,porttitor lorem id ligula suspendisse ornare consequat lectus in est risus auctor
Sybilla,Milbank,smilbank1w@bing.com,4/6/2023,Indigo,Mercury,integer tincidunt ante vel ipsum praesent blandit lacinia erat vestibulum sed magna at nunc commodo placerat praesent blandit
Bruce,Steedman,bsteedman1x@smh.com.au,3/4/2023,Crimson,Dodge,mauris non ligula pellentesque ultrices phasellus id sapien in sapien
Claudia,Edgeller,cedgeller1y@earthlink.net,7/19/2023,Crimson,Mercury,eu nibh quisque id justo sit amet sapien dignissim vestibulum vestibulum ante ipsum primis in faucibus
Paquito,Ipsgrave,pipsgrave1z@psu.edu,1/26/2023,Puce,Dodge,eget tempus vel pede morbi porttitor lorem id ligula suspendisse ornare
Benedetta,Zavittieri,bzavittieri20@nyu.edu,10/8/2023,Teal,Nissan,consequat nulla nisl nunc nisl duis bibendum felis sed interdum venenatis turpis enim blandit mi in porttitor pede justo eu
Buddie,Kezourec,bkezourec21@biblegateway.com,1/19/2023,Puce,Infiniti,venenatis lacinia aenean sit amet justo morbi ut odio cras mi pede malesuada in imperdiet et commodo vulputate justo in
Jeannie,Vondra,jvondra22@microsoft.com,6/8/2023,Fuscia,Ford,quisque ut erat curabitur gravida nisi at nibh in hac habitasse platea
Cesar,Eskrick,ceskrick23@bizjournals.com,6/18/2023,Teal,Audi,platea dictumst morbi vestibulum velit id pretium iaculis diam erat fermentum justo nec condimentum neque sapien placerat ante nulla
Marcos,Selkirk,mselkirk24@oakley.com,6/6/2023,Teal,Ford,eleifend luctus ultricies eu nibh quisque id justo sit amet sapien
Rickert,Dumblton,rdumblton25@dailymotion.com,11/3/2022,Indigo,Mazda,habitasse platea dictumst etiam faucibus cursus urna ut tellus nulla ut erat id
Sergio,Crockett,scrockett26@howstuffworks.com,3/23/2023,Blue,Honda,rutrum nulla nunc purus phasellus in felis donec semper sapien a libero nam dui proin leo odio porttitor id consequat
Renell,Surgeon,rsurgeon27@cyberchimps.com,12/25/2022,Pink,Toyota,congue elementum in hac habitasse platea dictumst morbi vestibulum velit id pretium iaculis diam erat
Heriberto,Goldis,hgoldis28@domainmarket.com,5/26/2023,Crimson,Audi,vel enim sit amet nunc viverra dapibus nulla suscipit ligula in lacus curabitur at ipsum ac tellus semper interdum
Ancell,Portigall,aportigall29@blinklist.com,11/28/2022,Aquamarine,Toyota,pretium iaculis justo in hac habitasse platea dictumst etiam faucibus cursus urna ut tellus
Viola,Armatidge,varmatidge2a@ca.gov,4/2/2023,Aquamarine,Chevrolet,justo morbi ut odio cras mi pede malesuada in imperdiet et commodo vulputate justo in blandit
Lucine,Shorland,lshorland2b@networkadvertising.org,8/21/2023,Crimson,BMW,ridiculus mus etiam vel augue vestibulum rutrum rutrum neque aenean auctor gravida sem praesent id massa id
Sven,Smorfit,ssmorfit2c@unesco.org,5/19/2023,Teal,Dodge,cubilia curae duis faucibus accumsan odio curabitur convallis duis consequat dui nec nisi volutpat eleifend donec
Tildy,Lammers,tlammers2d@apple.com,5/21/2023,Goldenrod,Volkswagen,in eleifend quam a odio in hac habitasse platea dictumst maecenas ut massa quis augue luctus tincidunt
Ricky,Alenikov,ralenikov2e@weather.com,11/8/2022,Turquoise,Subaru,leo rhoncus sed vestibulum sit amet cursus id turpis integer aliquet
Phylis,Gerrens,pgerrens2f@xrea.com,1/27/2023,Orange,Infiniti,molestie hendrerit at vulputate vitae nisl aenean lectus pellentesque eget nunc
Arlee,Braunle,abraunle2g@hibu.com,4/7/2023,Turquoise,Ford,elementum pellentesque quisque porta volutpat erat quisque erat eros viverra eget congue eget semper rutrum nulla nunc purus phasellus
Vanny,Shorland,vshorland2h@com.com,2/13/2023,Aquamarine,Subaru,rhoncus dui vel sem sed sagittis nam congue risus semper porta volutpat quam pede lobortis ligula sit amet
Brantley,Sells,bsells2i@opensource.org,9/10/2023,Green,Saturn,leo maecenas pulvinar lobortis est phasellus sit amet erat nulla tempus vivamus
Conny,Dahlgren,cdahlgren2j@nasa.gov,11/13/2022,Orange,Toyota,accumsan tellus nisi eu orci mauris lacinia sapien quis libero nullam sit amet turpis
Vittorio,Dwelly,vdwelly2k@godaddy.com,6/5/2023,Orange,Geo,luctus et ultrices posuere cubilia curae donec pharetra magna vestibulum aliquet ultrices erat tortor
Isaac,Apdell,iapdell2l@seesaa.net,8/29/2023,Teal,Cadillac,mattis odio donec vitae nisi nam ultrices libero non mattis pulvinar nulla pede ullamcorper augue a suscipit
Matthiew,Tommasetti,mtommasetti2m@wix.com,11/8/2022,Khaki,Aston Martin,pede posuere nonummy integer non velit donec diam neque vestibulum eget vulputate
Towny,Sillett,tsillett2n@usgs.gov,2/14/2023,Goldenrod,Mazda,fusce lacus purus aliquet at feugiat non pretium quis lectus suspendisse potenti in
Federica,Cowill,fcowill2o@purevolume.com,7/15/2023,Aquamarine,Rolls-Royce,posuere felis sed lacus morbi sem mauris laoreet ut rhoncus aliquet pulvinar sed
Nicolina,Budgeon,nbudgeon2p@dot.gov,5/1/2023,Khaki,GMC,nulla elit ac nulla sed vel enim sit amet nunc viverra dapibus nulla suscipit ligula in lacus curabitur at
Audi,Heartfield,aheartfield2q@so-net.ne.jp,10/6/2023,Indigo,Chevrolet,ipsum primis in faucibus orci luctus et ultrices posuere cubilia curae duis faucibus accumsan odio curabitur convallis duis
Meghann,Gullivent,mgullivent2r@dedecms.com,12/28/2022,Khaki,Eagle,eleifend pede libero quis orci nullam molestie nibh in lectus pellentesque
Dasya,Bagwell,dbagwell2s@nba.com,9/23/2023,Blue,Subaru,in porttitor pede justo eu massa donec dapibus duis at velit
Devy,Heyball,dheyball2t@shutterfly.com,12/20/2022,Purple,Dodge,morbi odio odio elementum eu interdum eu tincidunt in leo maecenas pulvinar lobortis
Townie,Karolyi,tkarolyi2u@icio.us,8/16/2023,Pink,Ford,auctor sed tristique in tempus sit amet sem fusce consequat nulla nisl nunc
Callida,Stear,cstear2v@amazon.co.jp,10/23/2022,Maroon,Mitsubishi,congue elementum in hac habitasse platea dictumst morbi vestibulum velit id pretium iaculis diam erat fermentum justo nec condimentum neque
Filide,Cunniam,fcunniam2w@indiatimes.com,4/18/2023,Orange,BMW,ipsum primis in faucibus orci luctus et ultrices posuere cubilia curae mauris
Alan,Westraw,awestraw2x@ovh.net,2/26/2023,Violet,Buick,eu interdum eu tincidunt in leo maecenas pulvinar lobortis est phasellus sit amet erat nulla tempus vivamus in
Veronique,Jessard,vjessard2y@wikia.com,4/25/2023,Indigo,Chevrolet,enim leo rhoncus sed vestibulum sit amet cursus id turpis integer aliquet massa id lobortis convallis tortor risus dapibus
Berthe,Grimbleby,bgrimbleby2z@google.nl,4/11/2023,Khaki,Lotus,rhoncus dui vel sem sed sagittis nam congue risus semper porta volutpat quam pede lobortis ligula
Cordie,Cooney,ccooney30@oaic.gov.au,12/25/2022,Yellow,Volvo,amet sem fusce consequat nulla nisl nunc nisl duis bibendum felis sed interdum venenatis turpis enim blandit mi in
Corty,Higbin,chigbin31@shop-pro.jp,1/18/2023,Yellow,Pontiac,sapien in sapien iaculis congue vivamus metus arcu adipiscing molestie hendrerit at vulputate vitae nisl
Nina,O'Flynn,noflynn32@vinaora.com,5/26/2023,Blue,Volkswagen,sit amet diam in magna bibendum imperdiet nullam orci pede venenatis non
Roby,Escreet,rescreet33@tinypic.com,2/16/2023,Orange,Mazda,nonummy maecenas tincidunt lacus at velit vivamus vel nulla eget eros elementum pellentesque quisque
Hubert,Stollberg,hstollberg34@hugedomains.com,6/10/2023,Aquamarine,Toyota,turpis donec posuere metus vitae ipsum aliquam non mauris morbi non lectus aliquam sit amet diam in magna bibendum imperdiet
Mirilla,Rispen,mrispen35@ibm.com,5/16/2023,Purple,Ford,ut odio cras mi pede malesuada in imperdiet et commodo
Ursala,Bargery,ubargery36@spiegel.de,7/7/2023,Teal,Chrysler,sit amet diam in magna bibendum imperdiet nullam orci pede venenatis non sodales sed tincidunt eu
Zenia,Simmonett,zsimmonett37@marketwatch.com,8/22/2023,Purple,Dodge,dapibus duis at velit eu est congue elementum in hac habitasse platea dictumst morbi vestibulum
Welsh,Bradforth,wbradforth38@ibm.com,11/6/2022,Pink,Porsche,curabitur in libero ut massa volutpat convallis morbi odio odio elementum eu
Jerrold,Carn,jcarn39@deliciousdays.com,9/22/2023,Violet,Chrysler,at dolor quis odio consequat varius integer ac leo pellentesque
Kassie,Plomer,kplomer3a@jugem.jp,8/6/2023,Goldenrod,Toyota,eros elementum pellentesque quisque porta volutpat erat quisque erat eros viverra eget congue eget
Hayyim,Grishanin,hgrishanin3b@ed.gov,4/14/2023,Pink,Audi,at turpis a pede posuere nonummy integer non velit donec diam
Petronia,Challenor,pchallenor3c@webmd.com,5/19/2023,Puce,Ford,pede justo eu massa donec dapibus duis at velit eu est congue
Oralee,Falkous,ofalkous3d@smugmug.com,8/3/2023,Red,Dodge,felis eu sapien cursus vestibulum proin eu mi nulla ac enim in tempor turpis nec
Artemis,Ebourne,aebourne3e@elpais.com,1/16/2023,Puce,Audi,in sagittis dui vel nisl duis ac nibh fusce lacus purus aliquet at feugiat non
Fanechka,Shirley,fshirley3f@w3.org,4/18/2023,Purple,Chevrolet,id sapien in sapien iaculis congue vivamus metus arcu adipiscing molestie hendrerit at vulputate vitae
Nicolette,Foote,nfoote3g@merriam-webster.com,8/7/2023,Teal,Buick,duis at velit eu est congue elementum in hac habitasse
Sadye,Vollam,svollam3h@sina.com.cn,12/3/2022,Crimson,Dodge,aliquam quis turpis eget elit sodales scelerisque mauris sit amet eros suspendisse accumsan
Andrey,Cafferty,acafferty3i@sina.com.cn,10/29/2022,Crimson,Ferrari,augue vel accumsan tellus nisi eu orci mauris lacinia sapien quis libero nullam sit amet turpis elementum ligula vehicula
Ethelbert,Trustram,etrustram3j@europa.eu,12/5/2022,Purple,Mazda,condimentum id luctus nec molestie sed justo pellentesque viverra pede
Lynnelle,Wilshin,lwilshin3k@cpanel.net,10/19/2022,Blue,Cadillac,ut blandit non interdum in ante vestibulum ante ipsum primis in faucibus orci luctus et ultrices posuere cubilia curae duis
Colman,Wathan,cwathan3l@comcast.net,8/20/2023,Purple,Dodge,pulvinar nulla pede ullamcorper augue a suscipit nulla elit ac nulla sed vel
Lalo,Cauderlie,lcauderlie3m@shutterfly.com,1/25/2023,Aquamarine,Dodge,quis odio consequat varius integer ac leo pellentesque ultrices mattis odio donec
Marji,Goodee,mgoodee3n@drupal.org,6/22/2023,Indigo,Porsche,rhoncus sed vestibulum sit amet cursus id turpis integer aliquet massa id lobortis convallis tortor risus dapibus augue vel accumsan
Dorry,Corbridge,dcorbridge3o@indiatimes.com,2/2/2023,Red,Lincoln,sit amet erat nulla tempus vivamus in felis eu sapien cursus vestibulum proin eu mi nulla ac
Adamo,Washtell,awashtell3p@hexun.com,1/23/2023,Pink,Ford,sagittis nam congue risus semper porta volutpat quam pede lobortis ligula sit amet
Celia,McNickle,cmcnickle3q@indiegogo.com,6/8/2023,Green,BMW,felis donec semper sapien a libero nam dui proin leo odio porttitor id consequat in
Del,Favela,dfavela3r@delicious.com,2/17/2023,Green,Dodge,maecenas rhoncus aliquam lacus morbi quis tortor id nulla ultrices aliquet maecenas leo odio
Katey,Penritt,kpenritt3s@artisteer.com,11/23/2022,Red,Volkswagen,amet nunc viverra dapibus nulla suscipit ligula in lacus curabitur at ipsum
Sukey,Kienzle,skienzle3t@ask.com,4/6/2023,Maroon,Mazda,quis odio consequat varius integer ac leo pellentesque ultrices mattis odio donec vitae nisi nam ultrices
Meridel,Wickersham,mwickersham3u@marriott.com,2/16/2023,Yellow,Buick,urna pretium nisl ut volutpat sapien arcu sed augue aliquam
Eleen,Towson,etowson3v@usgs.gov,11/18/2022,Mauv,Buick,sed justo pellentesque viverra pede ac diam cras pellentesque volutpat dui maecenas tristique est et tempus semper est
Hedi,Fidock,hfidock3w@wsj.com,3/17/2023,Red,Volkswagen,etiam pretium iaculis justo in hac habitasse platea dictumst etiam faucibus cursus urna ut tellus nulla
Fons,Vallow,fvallow3x@adobe.com,11/10/2022,Teal,Chevrolet,pharetra magna ac consequat metus sapien ut nunc vestibulum ante ipsum primis in faucibus orci luctus
Avivah,Forsythe,aforsythe3y@ucla.edu,1/1/2023,Pink,MINI,felis fusce posuere felis sed lacus morbi sem mauris laoreet ut rhoncus aliquet pulvinar sed nisl nunc
Ilka,Karp,ikarp3z@bloglovin.com,9/15/2023,Indigo,Nissan,non mattis pulvinar nulla pede ullamcorper augue a suscipit nulla elit ac nulla sed vel enim sit amet
Marylee,Maysor,mmaysor40@psu.edu,1/5/2023,Turquoise,Morgan,in imperdiet et commodo vulputate justo in blandit ultrices enim lorem ipsum dolor sit amet consectetuer adipiscing elit
Janice,Bemand,jbemand41@webs.com,4/8/2023,Yellow,GMC,habitasse platea dictumst morbi vestibulum velit id pretium iaculis diam erat
Isacco,Cord,icord42@umn.edu,9/22/2023,Turquoise,Maybach,vivamus tortor duis mattis egestas metus aenean fermentum donec ut mauris eget massa tempor convallis nulla neque libero
Chad,Rylance,crylance43@nsw.gov.au,4/7/2023,Puce,Lincoln,orci mauris lacinia sapien quis libero nullam sit amet turpis elementum ligula vehicula
Brodie,Lowten,blowten44@slashdot.org,6/20/2023,Teal,Hyundai,bibendum felis sed interdum venenatis turpis enim blandit mi in porttitor
Vergil,Ligertwood,vligertwood45@addthis.com,10/2/2023,Turquoise,Ford,amet diam in magna bibendum imperdiet nullam orci pede venenatis non sodales sed tincidunt eu felis fusce posuere felis sed
Walton,Nuzzi,wnuzzi46@wikispaces.com,3/31/2023,Orange,Chevrolet,commodo placerat praesent blandit nam nulla integer pede justo lacinia eget tincidunt eget tempus vel pede morbi
Stillmann,Instock,sinstock47@cbslocal.com,12/28/2022,Pink,Ford,duis at velit eu est congue elementum in hac habitasse platea dictumst morbi vestibulum velit id pretium
Quincey,Petrolli,qpetrolli48@wix.com,12/28/2022,Blue,Hyundai,at velit vivamus vel nulla eget eros elementum pellentesque quisque porta volutpat erat quisque erat eros viverra eget congue
Abner,MacDearmid,amacdearmid49@theatlantic.com,10/25/2022,Teal,Honda,mus vivamus vestibulum sagittis sapien cum sociis natoque penatibus et magnis dis parturient montes
Denyse,Arnecke,darnecke4a@webeden.co.uk,8/30/2023,Aquamarine,Lexus,eget eleifend luctus ultricies eu nibh quisque id justo sit
Wendall,Piggott,wpiggott4b@twitpic.com,10/2/2023,Maroon,Subaru,gravida sem praesent id massa id nisl venenatis lacinia aenean sit amet justo
Ian,Nind,inind4c@telegraph.co.uk,10/14/2022,Puce,Dodge,praesent lectus vestibulum quam sapien varius ut blandit non interdum in
Correy,Wasling,cwasling4d@bbb.org,4/19/2023,Mauv,Buick,at nibh in hac habitasse platea dictumst aliquam augue quam sollicitudin vitae consectetuer eget rutrum at
Mickie,Fourman,mfourman4e@51.la,7/24/2023,Pink,Lexus,metus arcu adipiscing molestie hendrerit at vulputate vitae nisl aenean lectus pellentesque
Joete,Whitter,jwhitter4f@ft.com,4/11/2023,Orange,Pontiac,ligula in lacus curabitur at ipsum ac tellus semper interdum mauris ullamcorper purus sit amet nulla
Richy,Dominici,rdominici4g@umich.edu,3/12/2023,Red,Pontiac,phasellus in felis donec semper sapien a libero nam dui proin leo odio porttitor id
Brook,Croy,bcroy4h@last.fm,3/28/2023,Yellow,BMW,sagittis nam congue risus semper porta volutpat quam pede lobortis ligula sit amet eleifend
Garret,Jervis,gjervis4i@google.com,6/10/2023,Violet,Audi,sit amet nunc viverra dapibus nulla suscipit ligula in lacus curabitur at ipsum ac tellus
Paxton,Cuerda,pcuerda4j@t.co,4/27/2023,Mauv,Buick,porttitor lacus at turpis donec posuere metus vitae ipsum aliquam non mauris morbi non lectus aliquam sit amet diam in
Karina,Stonebanks,kstonebanks4k@senate.gov,9/8/2023,Crimson,Mercedes-Benz,non sodales sed tincidunt eu felis fusce posuere felis sed
Flora,Huyghe,fhuyghe4l@mozilla.com,10/13/2022,Green,Lexus,gravida sem praesent id massa id nisl venenatis lacinia aenean sit amet justo morbi ut odio cras mi pede
Olga,Pele,opele4m@biblegateway.com,5/29/2023,Violet,Lexus,fusce consequat nulla nisl nunc nisl duis bibendum felis sed interdum venenatis turpis enim
Retha,Jeroch,rjeroch4n@seesaa.net,4/16/2023,Purple,Hyundai,felis fusce posuere felis sed lacus morbi sem mauris laoreet ut
Lorant,McAreavey,lmcareavey4o@devhub.com,2/25/2023,Maroon,Mitsubishi,turpis integer aliquet massa id lobortis convallis tortor risus dapibus augue vel accumsan tellus nisi eu orci mauris lacinia sapien
Nisse,Ginie,nginie4p@addtoany.com,5/26/2023,Purple,Mitsubishi,lectus in quam fringilla rhoncus mauris enim leo rhoncus sed vestibulum sit amet
Davie,Hanner,dhanner4q@china.com.cn,2/19/2023,Blue,Bentley,accumsan tortor quis turpis sed ante vivamus tortor duis mattis egestas metus aenean fermentum donec ut mauris eget massa tempor
Karlyn,Stiggers,kstiggers4r@cdbaby.com,5/3/2023,Pink,GMC,vel lectus in quam fringilla rhoncus mauris enim leo rhoncus sed vestibulum sit amet cursus id turpis integer
Gareth,Fonteyne,gfonteyne4s@hibu.com,12/8/2022,Indigo,Hyundai,lorem ipsum dolor sit amet consectetuer adipiscing elit proin interdum mauris non ligula pellentesque ultrices phasellus id sapien in sapien
Callida,McGarry,cmcgarry4t@cargocollective.com,8/14/2023,Purple,Dodge,nisl duis ac nibh fusce lacus purus aliquet at feugiat non pretium
Emmerich,Iacovuzzi,eiacovuzzi4u@ebay.com,5/5/2023,Maroon,Saab,congue etiam justo etiam pretium iaculis justo in hac habitasse platea dictumst etiam faucibus cursus urna ut tellus nulla
Foster,Churcher,fchurcher4v@cyberchimps.com,2/12/2023,Yellow,Acura,tempus vivamus in felis eu sapien cursus vestibulum proin eu mi nulla ac enim
Alistair,Pietri,apietri4w@freewebs.com,9/10/2023,Khaki,BMW,vivamus vestibulum sagittis sapien cum sociis natoque penatibus et magnis dis parturient montes nascetur ridiculus mus
Sayer,Delamar,sdelamar4x@nifty.com,9/25/2023,Khaki,Nissan,fermentum donec ut mauris eget massa tempor convallis nulla neque libero convallis eget eleifend
Phyllis,Finlaison,pfinlaison4y@taobao.com,5/6/2023,Turquoise,Infiniti,adipiscing molestie hendrerit at vulputate vitae nisl aenean lectus pellentesque eget nunc donec quis orci eget
Hermie,Brando,hbrando4z@e-recht24.de,11/18/2022,Yellow,Infiniti,quis turpis sed ante vivamus tortor duis mattis egestas metus aenean fermentum donec ut mauris eget
Vivyan,Grandison,vgrandison50@whitehouse.gov,9/14/2023,Red,Subaru,venenatis non sodales sed tincidunt eu felis fusce posuere felis sed lacus morbi sem mauris laoreet ut rhoncus aliquet
Hortense,Sudlow,hsudlow51@bizjournals.com,6/17/2023,Teal,Kia,ac nibh fusce lacus purus aliquet at feugiat non pretium quis lectus suspendisse
Darrick,Belverstone,dbelverstone52@baidu.com,3/20/2023,Puce,Jaguar,nunc purus phasellus in felis donec semper sapien a libero nam dui proin leo odio
Granny,Lovell,glovell53@unblog.fr,1/23/2023,Green,Dodge,et eros vestibulum ac est lacinia nisi venenatis tristique fusce congue
Zelig,Spiby,zspiby54@dmoz.org,12/13/2022,Puce,Infiniti,vitae nisl aenean lectus pellentesque eget nunc donec quis orci eget orci vehicula condimentum curabitur in libero ut
Ebony,Heffy,eheffy55@squarespace.com,8/17/2023,Orange,Land Rover,vel est donec odio justo sollicitudin ut suscipit a feugiat et eros vestibulum
Lani,Capon,lcapon56@elpais.com,5/24/2023,Puce,Chevrolet,imperdiet et commodo vulputate justo in blandit ultrices enim lorem ipsum dolor
Meir,Wildey,mwildey57@amazonaws.com,6/30/2023,Turquoise,Acura,in libero ut massa volutpat convallis morbi odio odio elementum eu interdum eu tincidunt in leo
Magda,Hanmore,mhanmore58@cdbaby.com,8/19/2023,Orange,Land Rover,rhoncus dui vel sem sed sagittis nam congue risus semper porta volutpat quam pede lobortis ligula
Maurene,Orsman,morsman59@sun.com,12/24/2022,Crimson,Hyundai,consequat ut nulla sed accumsan felis ut at dolor quis odio consequat varius integer ac leo
Latrena,Grgic,lgrgic5a@de.vu,7/8/2023,Indigo,Lamborghini,sit amet nulla quisque arcu libero rutrum ac lobortis vel dapibus at diam nam tristique tortor
Fanchette,Longfoot,flongfoot5b@sun.com,6/21/2023,Khaki,Mercedes-Benz,proin at turpis a pede posuere nonummy integer non velit donec diam neque
Cosetta,Tretter,ctretter5c@opera.com,8/12/2023,Orange,Oldsmobile,sed tristique in tempus sit amet sem fusce consequat nulla nisl nunc nisl duis bibendum felis sed
Nance,Lodder,nlodder5d@vkontakte.ru,1/4/2023,Pink,Chevrolet,sit amet consectetuer adipiscing elit proin interdum mauris non ligula pellentesque ultrices phasellus id sapien in sapien iaculis
Romona,Bampforth,rbampforth5e@nymag.com,2/14/2023,Green,Eagle,in quam fringilla rhoncus mauris enim leo rhoncus sed vestibulum
Ernest,Brocklesby,ebrocklesby5f@ifeng.com,9/1/2023,Violet,Mercedes-Benz,mollis molestie lorem quisque ut erat curabitur gravida nisi at nibh in hac habitasse platea
Madlen,Wastie,mwastie5g@pen.io,2/18/2023,Fuscia,Aston Martin,congue elementum in hac habitasse platea dictumst morbi vestibulum velit id pretium iaculis diam erat fermentum justo nec
Thibaut,Bartles,tbartles5h@phpbb.com,1/20/2023,Red,Nissan,diam id ornare imperdiet sapien urna pretium nisl ut volutpat
Arty,O'Meara,aomeara5i@plala.or.jp,2/28/2023,Aquamarine,Mitsubishi,aliquet pulvinar sed nisl nunc rhoncus dui vel sem sed sagittis nam congue risus
Luciano,Crayke,lcrayke5j@elegantthemes.com,4/24/2023,Purple,Subaru,tincidunt eget tempus vel pede morbi porttitor lorem id ligula suspendisse ornare consequat lectus in est risus auctor sed
Bonnibelle,London,blondon5k@baidu.com,8/27/2023,Fuscia,Volkswagen,gravida nisi at nibh in hac habitasse platea dictumst aliquam augue quam sollicitudin vitae consectetuer
Rosabel,Blanckley,rblanckley5l@upenn.edu,6/18/2023,Indigo,Ford,cum sociis natoque penatibus et magnis dis parturient montes nascetur ridiculus mus
Oran,Pancoust,opancoust5m@timesonline.co.uk,12/7/2022,Red,GMC,turpis enim blandit mi in porttitor pede justo eu massa donec dapibus duis at
Ario,Lethem,alethem5n@mysql.com,8/16/2023,Turquoise,Ford,eu massa donec dapibus duis at velit eu est congue elementum in hac habitasse platea dictumst morbi vestibulum
Darnall,Stocking,dstocking5o@apache.org,9/2/2023,Green,Dodge,mauris sit amet eros suspendisse accumsan tortor quis turpis sed ante vivamus tortor duis mattis egestas metus
Emilie,Geertz,egeertz5p@reference.com,5/26/2023,Red,Mazda,est et tempus semper est quam pharetra magna ac consequat metus sapien
Bunnie,Yakhin,byakhin5q@fastcompany.com,7/20/2023,Indigo,Chevrolet,cum sociis natoque penatibus et magnis dis parturient montes nascetur ridiculus mus etiam vel augue vestibulum
Teodor,Bretelle,tbretelle5r@comcast.net,8/6/2023,Mauv,Honda,turpis donec posuere metus vitae ipsum aliquam non mauris morbi non lectus aliquam sit amet diam in magna bibendum
Lanna,Grece,lgrece5s@chicagotribune.com,2/8/2023,Pink,Audi,primis in faucibus orci luctus et ultrices posuere cubilia curae nulla dapibus dolor vel est donec odio
Sigismundo,Brilon,sbrilon5t@psu.edu,1/6/2023,Crimson,BMW,ut rhoncus aliquet pulvinar sed nisl nunc rhoncus dui vel sem sed sagittis
Darrick,Trower,dtrower5u@ifeng.com,10/10/2023,Goldenrod,Chevrolet,ullamcorper purus sit amet nulla quisque arcu libero rutrum ac
Bentlee,Brundrett,bbrundrett5v@angelfire.com,10/22/2022,Green,Chevrolet,ante vestibulum ante ipsum primis in faucibus orci luctus et ultrices posuere
Meriel,Abelson,mabelson5w@google.ca,1/1/2023,Goldenrod,Hyundai,purus aliquet at feugiat non pretium quis lectus suspendisse potenti
Arnaldo,Boase,aboase5x@ucoz.com,3/18/2023,Puce,Lexus,velit nec nisi vulputate nonummy maecenas tincidunt lacus at velit vivamus vel nulla eget eros elementum pellentesque quisque
Geoffry,Iddy,giddy5y@yellowbook.com,10/7/2023,Aquamarine,Ford,ut volutpat sapien arcu sed augue aliquam erat volutpat in
Ashbey,Imos,aimos5z@ox.ac.uk,9/9/2023,Maroon,Acura,nascetur ridiculus mus etiam vel augue vestibulum rutrum rutrum neque aenean auctor gravida sem praesent
Jacquie,Basten,jbasten60@smugmug.com,6/11/2023,Turquoise,Cadillac,nulla suscipit ligula in lacus curabitur at ipsum ac tellus semper interdum mauris ullamcorper purus sit
Maxim,Whaley,mwhaley61@google.fr,3/25/2023,Turquoise,Hyundai,lectus vestibulum quam sapien varius ut blandit non interdum in ante vestibulum ante ipsum primis in faucibus
Alvinia,Needs,aneeds62@ifeng.com,10/6/2023,Purple,Ford,cursus id turpis integer aliquet massa id lobortis convallis tortor
Millard,Jeffcock,mjeffcock63@google.com.br,7/23/2023,Turquoise,Acura,urna pretium nisl ut volutpat sapien arcu sed augue aliquam erat
Rosella,Fones,rfones64@behance.net,12/9/2022,Aquamarine,Jaguar,non velit nec nisi vulputate nonummy maecenas tincidunt lacus at velit vivamus vel nulla eget eros elementum pellentesque quisque porta
Corliss,Burbidge,cburbidge65@oaic.gov.au,5/7/2023,Puce,Ford,mi nulla ac enim in tempor turpis nec euismod scelerisque quam turpis adipiscing lorem vitae mattis nibh ligula nec sem
Adolphus,Busch,abusch66@exblog.jp,4/24/2023,Aquamarine,Suzuki,neque vestibulum eget vulputate ut ultrices vel augue vestibulum ante
Ikey,Langshaw,ilangshaw67@msn.com,9/30/2023,Maroon,Ford,sed interdum venenatis turpis enim blandit mi in porttitor pede justo eu massa donec dapibus duis at velit
Aubry,Billitteri,abillitteri68@yellowpages.com,9/20/2023,Maroon,Oldsmobile,habitasse platea dictumst maecenas ut massa quis augue luctus tincidunt nulla mollis
Sylas,Bougourd,sbougourd69@istockphoto.com,11/7/2022,Aquamarine,Mitsubishi,eu interdum eu tincidunt in leo maecenas pulvinar lobortis est phasellus sit
Meyer,Wallbutton,mwallbutton6a@tinyurl.com,11/16/2022,Fuscia,GMC,tincidunt in leo maecenas pulvinar lobortis est phasellus sit amet
Cacilie,Dyball,cdyball6b@addthis.com,1/28/2023,Purple,Mercedes-Benz,integer tincidunt ante vel ipsum praesent blandit lacinia erat vestibulum sed magna at nunc commodo
Adey,Elderkin,aelderkin6c@domainmarket.com,10/4/2023,Aquamarine,Toyota,bibendum felis sed interdum venenatis turpis enim blandit mi in porttitor pede justo eu massa donec
Jaye,Odcroft,jodcroft6d@japanpost.jp,10/16/2022,Khaki,Chevrolet,proin eu mi nulla ac enim in tempor turpis nec
Ree,MacKniely,rmackniely6e@mediafire.com,2/24/2023,Green,Infiniti,in lectus pellentesque at nulla suspendisse potenti cras in purus eu magna vulputate luctus
Sybilla,Scotson,sscotson6f@nifty.com,12/4/2022,Puce,Buick,viverra dapibus nulla suscipit ligula in lacus curabitur at ipsum ac tellus semper
Keeley,Biagioni,kbiagioni6g@creativecommons.org,9/9/2023,Crimson,Cadillac,justo sit amet sapien dignissim vestibulum vestibulum ante ipsum primis in
Augy,Byrd,abyrd6h@comsenz.com,2/23/2023,Mauv,Audi,ac diam cras pellentesque volutpat dui maecenas tristique est et tempus semper est quam pharetra magna
Minta,Tapton,mtapton6i@posterous.com,1/8/2023,Puce,Ford,nulla suspendisse potenti cras in purus eu magna vulputate luctus cum sociis
Ozzy,Stobie,ostobie6j@yandex.ru,3/8/2023,Red,Spyker,amet sapien dignissim vestibulum vestibulum ante ipsum primis in faucibus orci luctus et ultrices
Madelaine,Finlator,mfinlator6k@rediff.com,5/23/2023,Teal,Dodge,aenean fermentum donec ut mauris eget massa tempor convallis nulla neque libero convallis eget eleifend luctus
Dolf,Burgane,dburgane6l@bloglines.com,11/8/2022,Violet,Saab,in consequat ut nulla sed accumsan felis ut at dolor quis odio consequat varius integer ac leo pellentesque ultrices
Drew,Marciek,dmarciek6m@umich.edu,6/12/2023,Maroon,Chevrolet,posuere metus vitae ipsum aliquam non mauris morbi non lectus
Sayre,Lebell,slebell6n@feedburner.com,4/13/2023,Purple,Chevrolet,platea dictumst etiam faucibus cursus urna ut tellus nulla ut erat id mauris
Morie,Finnie,mfinnie6o@paginegialle.it,7/3/2023,Indigo,Mercedes-Benz,fusce congue diam id ornare imperdiet sapien urna pretium nisl ut volutpat sapien arcu
Mirabella,Correa,mcorrea6p@wix.com,1/9/2023,Maroon,Maserati,lectus vestibulum quam sapien varius ut blandit non interdum in ante vestibulum ante ipsum primis in
Adah,Fisbey,afisbey6q@jalbum.net,3/2/2023,Maroon,Chevrolet,quis orci nullam molestie nibh in lectus pellentesque at nulla suspendisse potenti cras in purus
Fern,Von Welden,fvonwelden6r@miitbeian.gov.cn,5/21/2023,Fuscia,Pontiac,purus sit amet nulla quisque arcu libero rutrum ac lobortis vel dapibus
Appolonia,MacIlwrick,amacilwrick6s@sciencedaily.com,12/7/2022,Khaki,Audi,aliquet at feugiat non pretium quis lectus suspendisse potenti in eleifend quam a odio in hac habitasse platea dictumst
Dani,Boynton,dboynton6t@fastcompany.com,11/19/2022,Aquamarine,Ferrari,nisl nunc nisl duis bibendum felis sed interdum venenatis turpis enim
Thayne,Ramelot,tramelot6u@histats.com,6/24/2023,Blue,Subaru,luctus et ultrices posuere cubilia curae duis faucibus accumsan odio curabitur convallis duis consequat dui nec nisi
Robyn,Greensite,rgreensite6v@epa.gov,11/23/2022,Mauv,Cadillac,faucibus orci luctus et ultrices posuere cubilia curae duis faucibus accumsan odio curabitur convallis
Rossy,Sells,rsells6w@fda.gov,11/14/2022,Puce,Buick,sapien ut nunc vestibulum ante ipsum primis in faucibus orci luctus et
Lynnell,Corbyn,lcorbyn6x@techcrunch.com,4/25/2023,Yellow,BMW,risus dapibus augue vel accumsan tellus nisi eu orci mauris lacinia sapien quis libero
Tatum,Karp,tkarp6y@prnewswire.com,3/27/2023,Indigo,Mercury,et ultrices posuere cubilia curae nulla dapibus dolor vel est donec odio justo sollicitudin ut suscipit a feugiat et eros
Rosene,Sedgeworth,rsedgeworth6z@noaa.gov,1/21/2023,Green,Volkswagen,nec condimentum neque sapien placerat ante nulla justo aliquam quis turpis eget elit sodales scelerisque mauris
Conrad,Kirkbride,ckirkbride70@census.gov,1/29/2023,Blue,Mitsubishi,faucibus cursus urna ut tellus nulla ut erat id mauris vulputate elementum nullam varius
Dani,Cruz,dcruz71@moonfruit.com,2/10/2023,Red,Lexus,libero nam dui proin leo odio porttitor id consequat in consequat
Lenna,McQuorkel,lmcquorkel72@quantcast.com,12/8/2022,Pink,Porsche,consequat ut nulla sed accumsan felis ut at dolor quis odio consequat varius integer ac
Crystie,O'Henecan,cohenecan73@statcounter.com,8/25/2023,Teal,Jaguar,aliquam sit amet diam in magna bibendum imperdiet nullam orci pede venenatis non sodales sed tincidunt eu felis
Xever,Pressnell,xpressnell74@dailymail.co.uk,1/30/2023,Yellow,Ford,pharetra magna ac consequat metus sapien ut nunc vestibulum ante
Franciska,Clayill,fclayill75@cloudflare.com,12/11/2022,Khaki,Honda,bibendum imperdiet nullam orci pede venenatis non sodales sed tincidunt eu felis fusce posuere felis sed lacus morbi sem mauris
Norean,Bonefant,nbonefant76@house.gov,11/3/2022,Puce,Nissan,aliquam quis turpis eget elit sodales scelerisque mauris sit amet eros suspendisse accumsan tortor
Lilia,Novichenko,lnovichenko77@sun.com,10/23/2022,Purple,Saab,duis at velit eu est congue elementum in hac habitasse platea dictumst morbi vestibulum velit id pretium iaculis diam erat
Dian,Yelland,dyelland78@fda.gov,8/30/2023,Goldenrod,Holden,in congue etiam justo etiam pretium iaculis justo in hac habitasse platea dictumst etiam faucibus cursus urna
Kylie,Syrett,ksyrett79@china.com.cn,3/18/2023,Yellow,Lexus,interdum mauris ullamcorper purus sit amet nulla quisque arcu libero rutrum ac lobortis vel dapibus at diam
Sampson,Frisdick,sfrisdick7a@cloudflare.com,10/8/2023,Violet,Pontiac,mauris sit amet eros suspendisse accumsan tortor quis turpis sed ante
Farrell,Guyot,fguyot7b@umich.edu,12/30/2022,Blue,BMW,posuere cubilia curae nulla dapibus dolor vel est donec odio justo sollicitudin ut suscipit a feugiat et
Stephie,Dumigan,sdumigan7c@parallels.com,7/29/2023,Mauv,Isuzu,sapien dignissim vestibulum vestibulum ante ipsum primis in faucibus orci luctus et ultrices posuere cubilia curae
Tera,Vankin,tvankin7d@blogtalkradio.com,5/15/2023,Goldenrod,Buick,condimentum neque sapien placerat ante nulla justo aliquam quis turpis eget elit sodales scelerisque mauris sit amet eros
Leon,Spofford,lspofford7e@google.ca,5/25/2023,Red,Chevrolet,et tempus semper est quam pharetra magna ac consequat metus sapien ut nunc vestibulum ante ipsum primis in faucibus orci
Mimi,Lelievre,mlelievre7f@ifeng.com,11/6/2022,Teal,Volkswagen,eros viverra eget congue eget semper rutrum nulla nunc purus phasellus in felis donec semper sapien
Lacee,Blayney,lblayney7g@4shared.com,7/16/2023,Blue,Subaru,ante ipsum primis in faucibus orci luctus et ultrices posuere cubilia curae nulla dapibus dolor vel
Quintana,Pesticcio,qpesticcio7h@google.ca,10/16/2022,Fuscia,Suzuki,donec quis orci eget orci vehicula condimentum curabitur in libero ut massa volutpat convallis morbi
Natka,Dowbekin,ndowbekin7i@com.com,12/29/2022,Turquoise,Nissan,vestibulum ante ipsum primis in faucibus orci luctus et ultrices posuere cubilia curae nulla dapibus dolor vel est donec odio
Olvan,Burgess,oburgess7j@indiegogo.com,6/3/2023,Indigo,Jeep,libero ut massa volutpat convallis morbi odio odio elementum eu
Ameline,Gehringer,agehringer7k@nyu.edu,5/28/2023,Puce,Suzuki,parturient montes nascetur ridiculus mus etiam vel augue vestibulum rutrum rutrum neque
Rita,Raraty,rraraty7l@hubpages.com,2/11/2023,Red,Ford,ligula in lacus curabitur at ipsum ac tellus semper interdum mauris ullamcorper purus sit
Joya,Snedden,jsnedden7m@rediff.com,11/15/2022,Red,BMW,nonummy integer non velit donec diam neque vestibulum eget vulputate ut ultrices vel
Florida,Reggio,freggio7n@accuweather.com,10/9/2023,Goldenrod,Chevrolet,in hac habitasse platea dictumst morbi vestibulum velit id pretium iaculis diam erat fermentum
Genvieve,Whightman,gwhightman7o@globo.com,5/6/2023,Green,Honda,aliquam lacus morbi quis tortor id nulla ultrices aliquet maecenas leo odio condimentum id luctus nec molestie sed justo
Elisabetta,Hatzar,ehatzar7p@opera.com,2/6/2023,Purple,Chevrolet,ridiculus mus etiam vel augue vestibulum rutrum rutrum neque aenean auctor gravida sem
Janeen,Rhule,jrhule7q@hibu.com,8/19/2023,Goldenrod,Mercury,interdum eu tincidunt in leo maecenas pulvinar lobortis est phasellus sit amet
Emmit,Satterlee,esatterlee7r@cbsnews.com,2/2/2023,Aquamarine,Chevrolet,maecenas ut massa quis augue luctus tincidunt nulla mollis molestie lorem quisque ut erat curabitur gravida nisi
Charlot,McSporrin,cmcsporrin7s@salon.com,6/17/2023,Mauv,Ford,quis turpis sed ante vivamus tortor duis mattis egestas metus aenean fermentum donec ut mauris
Sherrie,Coveley,scoveley7t@springer.com,3/18/2023,Orange,Nissan,consectetuer adipiscing elit proin risus praesent lectus vestibulum quam sapien
Vince,Linnock,vlinnock7u@jalbum.net,12/4/2022,Puce,Subaru,dui proin leo odio porttitor id consequat in consequat ut nulla sed accumsan felis ut
Jemmie,Hildrew,jhildrew7v@cisco.com,1/6/2023,Puce,Ford,ut blandit non interdum in ante vestibulum ante ipsum primis in faucibus orci luctus et
Enid,Cumberpatch,ecumberpatch7w@ucla.edu,2/12/2023,Puce,BMW,pellentesque ultrices phasellus id sapien in sapien iaculis congue vivamus metus arcu adipiscing molestie hendrerit at
Natalina,Scrafton,nscrafton7x@usa.gov,2/3/2023,Pink,GMC,in hac habitasse platea dictumst maecenas ut massa quis augue
Legra,Ledwidge,lledwidge7y@statcounter.com,6/22/2023,Yellow,Land Rover,suscipit nulla elit ac nulla sed vel enim sit amet nunc viverra dapibus nulla suscipit
Jarrid,McInerney,jmcinerney7z@yandex.ru,8/8/2023,Fuscia,Oldsmobile,rhoncus aliquet pulvinar sed nisl nunc rhoncus dui vel sem sed sagittis nam congue risus semper porta volutpat quam pede
Maryl,Brumble,mbrumble80@buzzfeed.com,7/1/2023,Pink,Jeep,vel augue vestibulum ante ipsum primis in faucibus orci luctus et
Gwendolyn,Antonikov,gantonikov81@typepad.com,3/29/2023,Violet,Buick,vestibulum rutrum rutrum neque aenean auctor gravida sem praesent id
Kerstin,Garnham,kgarnham82@washington.edu,12/8/2022,Yellow,Lincoln,nulla elit ac nulla sed vel enim sit amet nunc viverra dapibus nulla suscipit
Jeanelle,Duthie,jduthie83@parallels.com,5/2/2023,Fuscia,Subaru,natoque penatibus et magnis dis parturient montes nascetur ridiculus mus vivamus
Silvan,Newland,snewland84@storify.com,3/11/2023,Red,Pontiac,venenatis lacinia aenean sit amet justo morbi ut odio cras mi pede malesuada in imperdiet et commodo
Meade,Gladdish,mgladdish85@marketwatch.com,1/15/2023,Khaki,Mazda,sagittis sapien cum sociis natoque penatibus et magnis dis parturient montes nascetur
Renard,Keyhoe,rkeyhoe86@liveinternet.ru,10/20/2022,Red,Subaru,mauris ullamcorper purus sit amet nulla quisque arcu libero rutrum ac lobortis vel dapibus at diam nam tristique tortor eu
Allard,Donaghy,adonaghy87@sphinn.com,1/14/2023,Blue,Chevrolet,mus etiam vel augue vestibulum rutrum rutrum neque aenean auctor gravida sem praesent id massa id nisl
Danielle,Windross,dwindross88@latimes.com,8/13/2023,Fuscia,BMW,varius ut blandit non interdum in ante vestibulum ante ipsum primis in faucibus orci luctus et ultrices
Justina,Scamerden,jscamerden89@answers.com,5/14/2023,Mauv,Ford,nulla sed vel enim sit amet nunc viverra dapibus nulla suscipit ligula in lacus curabitur
Maury,Eykelhof,meykelhof8a@ask.com,2/24/2023,Red,Nissan,a nibh in quis justo maecenas rhoncus aliquam lacus morbi quis tortor id nulla ultrices
Lucais,Dobsons,ldobsons8b@patch.com,9/15/2023,Goldenrod,Mitsubishi,convallis tortor risus dapibus augue vel accumsan tellus nisi eu orci mauris lacinia sapien
Tymothy,Eitter,teitter8c@ihg.com,5/27/2023,Goldenrod,Ford,pulvinar nulla pede ullamcorper augue a suscipit nulla elit ac nulla
Nicolis,Tinmouth,ntinmouth8d@ca.gov,9/12/2023,Red,MG,donec diam neque vestibulum eget vulputate ut ultrices vel augue vestibulum ante ipsum primis in faucibus
Chaddy,Pirdue,cpirdue8e@devhub.com,8/21/2023,Goldenrod,Honda,eget congue eget semper rutrum nulla nunc purus phasellus in felis donec semper
Ario,Himpson,ahimpson8f@google.co.uk,10/31/2022,Teal,Ford,eu felis fusce posuere felis sed lacus morbi sem mauris
Filberte,Luckett,fluckett8g@sun.com,12/9/2022,Red,Aptera,vestibulum sed magna at nunc commodo placerat praesent blandit nam nulla
Bari,Adshad,badshad8h@tinyurl.com,12/15/2022,Red,Mercedes-Benz,justo sollicitudin ut suscipit a feugiat et eros vestibulum ac est lacinia nisi venenatis tristique fusce congue diam id ornare
Sean,Peers,speers8i@skyrock.com,1/31/2023,Khaki,Jaguar,id nisl venenatis lacinia aenean sit amet justo morbi ut odio cras mi pede malesuada in imperdiet et commodo vulputate
Thelma,Roote,troote8j@wsj.com,8/29/2023,Blue,Mitsubishi,nec nisi vulputate nonummy maecenas tincidunt lacus at velit vivamus vel nulla eget eros elementum pellentesque quisque porta volutpat erat
Wit,Markushkin,wmarkushkin8k@multiply.com,3/15/2023,Aquamarine,Chevrolet,amet consectetuer adipiscing elit proin risus praesent lectus vestibulum quam sapien
Carola,Ternent,cternent8l@sciencedirect.com,12/4/2022,Maroon,Volkswagen,lorem integer tincidunt ante vel ipsum praesent blandit lacinia erat vestibulum sed magna at nunc commodo placerat praesent
Ranique,Adamovitch,radamovitch8m@hexun.com,9/7/2023,Yellow,Volkswagen,ullamcorper augue a suscipit nulla elit ac nulla sed vel enim sit amet nunc
Hadley,Beard,hbeard8n@va.gov,4/16/2023,Maroon,Infiniti,in hac habitasse platea dictumst aliquam augue quam sollicitudin vitae consectetuer
Ernaline,Wankel,ewankel8o@slideshare.net,8/4/2023,Blue,Volkswagen,in porttitor pede justo eu massa donec dapibus duis at velit eu est congue elementum in hac habitasse
Rafa,Lamping,rlamping8p@ca.gov,12/14/2022,Yellow,Ford,turpis eget elit sodales scelerisque mauris sit amet eros suspendisse accumsan tortor
Jay,Dodwell,jdodwell8q@ifeng.com,6/17/2023,Aquamarine,Dodge,odio porttitor id consequat in consequat ut nulla sed accumsan felis ut at dolor quis odio consequat
Shelly,Paterno,spaterno8r@hao123.com,10/20/2022,Yellow,Infiniti,felis ut at dolor quis odio consequat varius integer ac leo pellentesque ultrices
Lavinie,Domek,ldomek8s@microsoft.com,3/23/2023,Maroon,Volkswagen,tincidunt lacus at velit vivamus vel nulla eget eros elementum pellentesque quisque
Karlens,Lenney,klenney8t@hp.com,3/24/2023,Indigo,Honda,phasellus id sapien in sapien iaculis congue vivamus metus arcu adipiscing molestie hendrerit
Jenifer,Cromer,jcromer8u@who.int,2/2/2023,Khaki,Mercedes-Benz,venenatis lacinia aenean sit amet justo morbi ut odio cras mi pede
Giulio,Proudlock,gproudlock8v@ibm.com,12/9/2022,Teal,Volkswagen,varius ut blandit non interdum in ante vestibulum ante ipsum primis in faucibus orci luctus et ultrices posuere cubilia curae
Nichole,Charnley,ncharnley8w@nature.com,10/23/2022,Pink,Subaru,sociis natoque penatibus et magnis dis parturient montes nascetur ridiculus mus etiam
Chauncey,Beecheno,cbeecheno8x@yandex.ru,3/17/2023,Blue,Scion,volutpat sapien arcu sed augue aliquam erat volutpat in congue etiam justo etiam pretium iaculis justo
Ebba,Cosgrive,ecosgrive8y@google.co.uk,2/14/2023,Khaki,Infiniti,elit proin risus praesent lectus vestibulum quam sapien varius ut blandit non interdum in ante vestibulum ante ipsum
Nappy,Perassi,nperassi8z@marketwatch.com,2/23/2023,Khaki,Ford,tincidunt eu felis fusce posuere felis sed lacus morbi sem mauris laoreet ut rhoncus aliquet pulvinar
Ashley,Hodges,ahodges90@yelp.com,3/23/2023,Fuscia,Pontiac,posuere nonummy integer non velit donec diam neque vestibulum eget vulputate ut ultrices vel augue vestibulum ante ipsum primis
Gabrila,Goford,ggoford91@bigcartel.com,4/7/2023,Purple,Honda,id turpis integer aliquet massa id lobortis convallis tortor risus dapibus augue vel accumsan tellus nisi eu orci
Latisha,Blanning,lblanning92@cnbc.com,8/1/2023,Blue,Volkswagen,imperdiet et commodo vulputate justo in blandit ultrices enim lorem ipsum dolor sit amet consectetuer adipiscing elit proin interdum
Robby,Bartzen,rbartzen93@ifeng.com,12/10/2022,Purple,Kia,at nibh in hac habitasse platea dictumst aliquam augue quam sollicitudin vitae consectetuer eget rutrum
Missy,Dunk,mdunk94@illinois.edu,3/3/2023,Mauv,Chevrolet,elementum eu interdum eu tincidunt in leo maecenas pulvinar lobortis est
Pamelina,Walter,pwalter95@who.int,11/13/2022,Green,Subaru,aenean auctor gravida sem praesent id massa id nisl venenatis lacinia aenean sit amet justo morbi ut odio cras mi
Blake,Cubitt,bcubitt96@live.com,1/20/2023,Indigo,Ford,justo in blandit ultrices enim lorem ipsum dolor sit amet consectetuer
Damaris,Goforth,dgoforth97@themeforest.net,7/19/2023,Mauv,Ford,tortor quis turpis sed ante vivamus tortor duis mattis egestas metus aenean fermentum donec ut mauris
Gib,Yurkov,gyurkov98@vimeo.com,2/4/2023,Aquamarine,Dodge,pede morbi porttitor lorem id ligula suspendisse ornare consequat lectus in est risus auctor
Devi,Colombier,dcolombier99@webnode.com,2/25/2023,Aquamarine,GMC,lacinia eget tincidunt eget tempus vel pede morbi porttitor lorem id ligula suspendisse ornare consequat lectus in est
Ray,Hazleton,rhazleton9a@dmoz.org,11/3/2022,Pink,GMC,at nibh in hac habitasse platea dictumst aliquam augue quam sollicitudin vitae consectetuer eget rutrum
Ugo,Tschersich,utschersich9b@google.co.jp,3/5/2023,Indigo,Ford,id massa id nisl venenatis lacinia aenean sit amet justo morbi ut odio
Tiphani,Turney,tturney9c@youtu.be,6/24/2023,Pink,Dodge,tellus nisi eu orci mauris lacinia sapien quis libero nullam sit amet turpis elementum ligula vehicula consequat morbi a ipsum
Dacia,Shelp,dshelp9d@cnn.com,3/9/2023,Green,GMC,ac est lacinia nisi venenatis tristique fusce congue diam id ornare imperdiet sapien urna pretium nisl ut volutpat sapien arcu
Trefor,Flay,tflay9e@behance.net,2/27/2023,Maroon,Audi,nulla suspendisse potenti cras in purus eu magna vulputate luctus cum sociis
Aurea,Dow,adow9f@yellowbook.com,2/9/2023,Green,Aston Martin,justo lacinia eget tincidunt eget tempus vel pede morbi porttitor lorem id ligula suspendisse ornare consequat lectus
Brana,Tippler,btippler9g@acquirethisname.com,8/15/2023,Khaki,Mazda,non ligula pellentesque ultrices phasellus id sapien in sapien iaculis congue vivamus metus arcu adipiscing molestie
Brewster,Langcaster,blangcaster9h@t-online.de,11/16/2022,Orange,Lexus,nisi at nibh in hac habitasse platea dictumst aliquam augue quam sollicitudin vitae
Cal,Tremmel,ctremmel9i@seattletimes.com,3/23/2023,Pink,Ford,cubilia curae mauris viverra diam vitae quam suspendisse potenti nullam porttitor lacus
Rori,Griffitts,rgriffitts9j@gnu.org,12/9/2022,Indigo,Subaru,dolor vel est donec odio justo sollicitudin ut suscipit a feugiat et eros vestibulum ac est lacinia nisi venenatis
Rutledge,Degli Antoni,rdegliantoni9k@de.vu,3/13/2023,Orange,Maserati,condimentum id luctus nec molestie sed justo pellentesque viverra pede ac diam cras pellentesque
Adham,Dooly,adooly9l@bigcartel.com,9/3/2023,Pink,Toyota,tincidunt eu felis fusce posuere felis sed lacus morbi sem mauris laoreet ut rhoncus aliquet pulvinar sed
Roxanna,Wardel,rwardel9m@godaddy.com,9/28/2023,Blue,Toyota,neque vestibulum eget vulputate ut ultrices vel augue vestibulum ante ipsum primis in faucibus
Shannah,Tucker,stucker9n@cornell.edu,12/18/2022,Pink,Maybach,vivamus in felis eu sapien cursus vestibulum proin eu mi nulla
Cal,Mont,cmont9o@upenn.edu,5/13/2023,Puce,Mazda,amet diam in magna bibendum imperdiet nullam orci pede venenatis non sodales sed tincidunt eu felis fusce
Kacie,Rollinshaw,krollinshaw9p@cbslocal.com,2/1/2023,Orange,Lexus,cubilia curae mauris viverra diam vitae quam suspendisse potenti nullam porttitor lacus at turpis donec posuere metus vitae ipsum aliquam
Trstram,Beaushaw,tbeaushaw9q@parallels.com,3/3/2023,Goldenrod,Dodge,curabitur in libero ut massa volutpat convallis morbi odio odio elementum eu interdum eu tincidunt in leo maecenas pulvinar lobortis
Rosalind,Huison,rhuison9r@washingtonpost.com,2/13/2023,Turquoise,Volvo,quam sollicitudin vitae consectetuer eget rutrum at lorem integer tincidunt ante vel ipsum praesent blandit
Janos,Drewell,jdrewell9s@networksolutions.com,3/29/2023,Turquoise,GMC,donec pharetra magna vestibulum aliquet ultrices erat tortor sollicitudin mi sit amet lobortis sapien sapien non mi integer ac neque
Dennie,Mcettrick,dmcettrick9t@github.com,6/19/2023,Mauv,Toyota,a suscipit nulla elit ac nulla sed vel enim sit amet nunc viverra dapibus nulla suscipit ligula
Radcliffe,Caulder,rcaulder9u@canalblog.com,2/4/2023,Goldenrod,Cadillac,a libero nam dui proin leo odio porttitor id consequat in consequat ut nulla sed accumsan felis ut
Deedee,Core,dcore9v@histats.com,5/24/2023,Green,Mazda,ultrices aliquet maecenas leo odio condimentum id luctus nec molestie sed justo pellentesque viverra
Stormie,Dragoe,sdragoe9w@indiegogo.com,6/30/2023,Khaki,Suzuki,at dolor quis odio consequat varius integer ac leo pellentesque ultrices mattis odio donec
Davita,Screeton,dscreeton9x@vinaora.com,1/13/2023,Mauv,Ford,semper porta volutpat quam pede lobortis ligula sit amet eleifend pede libero quis orci nullam molestie nibh in
Omero,Dunsire,odunsire9y@cbsnews.com,7/30/2023,Violet,Buick,aliquet pulvinar sed nisl nunc rhoncus dui vel sem sed sagittis nam congue risus semper porta volutpat quam pede
Penn,Trevallion,ptrevallion9z@wikimedia.org,5/13/2023,Crimson,Chevrolet,arcu adipiscing molestie hendrerit at vulputate vitae nisl aenean lectus pellentesque eget nunc donec quis orci eget orci
Fidel,Scarsbrook,fscarsbrooka0@bandcamp.com,4/24/2023,Mauv,Kia,tincidunt eget tempus vel pede morbi porttitor lorem id ligula suspendisse ornare consequat lectus
Nadiya,McKerlie,nmckerliea1@virginia.edu,5/1/2023,Red,Chevrolet,convallis nunc proin at turpis a pede posuere nonummy integer non
Brinn,Yusupov,byusupova2@marketwatch.com,9/20/2023,Maroon,Nissan,pellentesque ultrices mattis odio donec vitae nisi nam ultrices libero non mattis pulvinar nulla pede ullamcorper augue
Domeniga,Janeway,djanewaya3@princeton.edu,2/6/2023,Purple,Pontiac,odio consequat varius integer ac leo pellentesque ultrices mattis odio donec vitae nisi nam ultrices libero non mattis
Bobette,Hawtrey,bhawtreya4@webmd.com,7/30/2023,Teal,BMW,ultrices posuere cubilia curae mauris viverra diam vitae quam suspendisse potenti nullam
Courtnay,Barlas,cbarlasa5@chicagotribune.com,6/9/2023,Purple,Acura,pede justo eu massa donec dapibus duis at velit eu est congue elementum in hac habitasse platea dictumst
Lissie,Schettini,lschettinia6@disqus.com,4/28/2023,Blue,Suzuki,aenean fermentum donec ut mauris eget massa tempor convallis nulla neque libero convallis eget eleifend luctus
Heindrick,Wiley,hwileya7@paypal.com,10/29/2022,Goldenrod,Buick,risus semper porta volutpat quam pede lobortis ligula sit amet
Lenka,Thurnham,lthurnhama8@admin.ch,10/18/2022,Aquamarine,Cadillac,pede posuere nonummy integer non velit donec diam neque vestibulum eget
Star,Ovesen,sovesena9@dailymotion.com,10/30/2022,Crimson,Nissan,in blandit ultrices enim lorem ipsum dolor sit amet consectetuer adipiscing elit proin interdum mauris
Mallory,Folkerd,mfolkerdaa@timesonline.co.uk,8/23/2023,Purple,Suzuki,dui vel nisl duis ac nibh fusce lacus purus aliquet at
Derk,Ciccarelli,dciccarelliab@shareasale.com,8/14/2023,Teal,Mazda,curae mauris viverra diam vitae quam suspendisse potenti nullam porttitor lacus at turpis donec posuere metus
Huberto,Goody,hgoodyac@dailymail.co.uk,9/26/2023,Red,GMC,augue vestibulum rutrum rutrum neque aenean auctor gravida sem praesent id massa id nisl venenatis lacinia aenean sit amet
Gael,Barlass,gbarlassad@auda.org.au,5/10/2023,Green,GMC,tempor convallis nulla neque libero convallis eget eleifend luctus ultricies
Callida,Karolczyk,ckarolczykae@usnews.com,1/26/2023,Mauv,Nissan,natoque penatibus et magnis dis parturient montes nascetur ridiculus mus etiam vel augue vestibulum rutrum rutrum
Livvie,Aymeric,laymericaf@google.com.br,9/8/2023,Red,BMW,amet eleifend pede libero quis orci nullam molestie nibh in lectus pellentesque
Gwenny,Condict,gcondictag@meetup.com,10/31/2022,Violet,Pontiac,in faucibus orci luctus et ultrices posuere cubilia curae donec pharetra magna vestibulum aliquet ultrices erat
Reena,Gull,rgullah@taobao.com,7/13/2023,Khaki,Maserati,erat quisque erat eros viverra eget congue eget semper rutrum nulla nunc purus phasellus in felis donec
Kevin,Duesbury,kduesburyai@mac.com,11/28/2022,Puce,Audi,vitae nisi nam ultrices libero non mattis pulvinar nulla pede ullamcorper augue
Ruprecht,Brisse,rbrisseaj@amazon.de,5/3/2023,Turquoise,GMC,donec diam neque vestibulum eget vulputate ut ultrices vel augue
Babbette,Didsbury,bdidsburyak@sfgate.com,11/4/2022,Khaki,Subaru,dictumst morbi vestibulum velit id pretium iaculis diam erat fermentum justo nec condimentum neque sapien
Andie,Chaudrelle,achaudrelleal@surveymonkey.com,9/2/2023,Pink,Infiniti,ullamcorper augue a suscipit nulla elit ac nulla sed vel enim sit amet nunc viverra dapibus nulla
Dorothee,Sessuns,dsessunsam@macromedia.com,2/27/2023,Red,Toyota,nunc purus phasellus in felis donec semper sapien a libero nam dui proin leo odio porttitor id consequat
Hillary,Pucknell,hpucknellan@reverbnation.com,8/4/2023,Violet,Acura,blandit ultrices enim lorem ipsum dolor sit amet consectetuer adipiscing elit proin interdum mauris non ligula pellentesque ultrices phasellus
Alyss,Bilovsky,abilovskyao@google.com.au,9/24/2023,Maroon,Saturn,sapien a libero nam dui proin leo odio porttitor id consequat in consequat
Nelson,Roller,nrollerap@lulu.com,8/6/2023,Mauv,Audi,accumsan tortor quis turpis sed ante vivamus tortor duis mattis egestas metus aenean fermentum donec ut mauris eget
Delinda,Thome,dthomeaq@google.com.br,3/24/2023,Blue,Cadillac,ligula nec sem duis aliquam convallis nunc proin at turpis a pede posuere nonummy integer non velit donec
Anett,Gillford,agillfordar@sciencedirect.com,8/18/2023,Khaki,Ford,lorem id ligula suspendisse ornare consequat lectus in est risus auctor sed tristique in tempus
Hobie,Burchett,hburchettas@ebay.com,4/12/2023,Green,Mitsubishi,duis faucibus accumsan odio curabitur convallis duis consequat dui nec nisi
Jermaine,Burgill,jburgillat@guardian.co.uk,12/15/2022,Violet,Mercedes-Benz,potenti nullam porttitor lacus at turpis donec posuere metus vitae ipsum aliquam non
Cayla,Mingus,cmingusau@desdev.cn,3/17/2023,Purple,Jeep,nisl duis bibendum felis sed interdum venenatis turpis enim blandit mi in porttitor pede justo eu massa
Celie,Normansell,cnormansellav@princeton.edu,5/23/2023,Teal,Toyota,luctus et ultrices posuere cubilia curae donec pharetra magna vestibulum aliquet ultrices erat tortor sollicitudin mi sit amet
Floris,Cheshire,fcheshireaw@tinyurl.com,6/18/2023,Mauv,Chevrolet,sem sed sagittis nam congue risus semper porta volutpat quam pede lobortis ligula sit amet eleifend
Ricca,Grayham,rgrayhamax@umich.edu,5/6/2023,Green,Jeep,diam in magna bibendum imperdiet nullam orci pede venenatis non sodales sed tincidunt eu felis fusce posuere felis sed lacus
Rice,Sear,rsearay@shop-pro.jp,2/2/2023,Maroon,Honda,ullamcorper purus sit amet nulla quisque arcu libero rutrum ac
Byram,Hankins,bhankinsaz@businessweek.com,10/9/2023,Khaki,Honda,ut erat id mauris vulputate elementum nullam varius nulla facilisi cras non velit nec nisi vulputate nonummy
Maria,Egle of Germany,megleofgermanyb0@google.ru,12/2/2022,Purple,Plymouth,faucibus accumsan odio curabitur convallis duis consequat dui nec nisi volutpat eleifend donec ut dolor morbi vel lectus in quam
Osgood,Achrameev,oachrameevb1@ezinearticles.com,7/1/2023,Blue,Dodge,ligula pellentesque ultrices phasellus id sapien in sapien iaculis congue vivamus metus arcu adipiscing molestie hendrerit
Philip,Pittendreigh,ppittendreighb2@patch.com,5/26/2023,Goldenrod,BMW,vestibulum ante ipsum primis in faucibus orci luctus et ultrices posuere
Shaylynn,Burrells,sburrellsb3@jugem.jp,7/10/2023,Indigo,Isuzu,a suscipit nulla elit ac nulla sed vel enim sit amet nunc viverra
Boigie,Woodrow,bwoodrowb4@pinterest.com,12/19/2022,Aquamarine,Mercury,diam neque vestibulum eget vulputate ut ultrices vel augue vestibulum
Franklin,Winger,fwingerb5@sfgate.com,8/4/2023,Violet,Audi,non lectus aliquam sit amet diam in magna bibendum imperdiet nullam orci pede venenatis non
Charis,O'Lochan,colochanb6@multiply.com,3/26/2023,Maroon,Maserati,lacinia nisi venenatis tristique fusce congue diam id ornare imperdiet sapien urna pretium nisl ut
Angela,Ivanuschka,aivanuschkab7@artisteer.com,12/15/2022,Blue,Chevrolet,dui proin leo odio porttitor id consequat in consequat ut nulla sed accumsan felis ut at dolor quis odio consequat
Sharona,Szymanzyk,sszymanzykb8@amazon.com,11/30/2022,Goldenrod,Infiniti,ullamcorper purus sit amet nulla quisque arcu libero rutrum ac lobortis
Cariotta,Heathcott,cheathcottb9@ucoz.com,7/24/2023,Violet,Mercedes-Benz,ultrices aliquet maecenas leo odio condimentum id luctus nec molestie sed justo
Flss,Chrispin,fchrispinba@istockphoto.com,9/20/2023,Crimson,Lexus,odio condimentum id luctus nec molestie sed justo pellentesque viverra
Denis,McLevie,dmcleviebb@pagesperso-orange.fr,6/30/2023,Violet,Jeep,neque libero convallis eget eleifend luctus ultricies eu nibh quisque id justo sit amet sapien dignissim vestibulum vestibulum ante
Belle,Peddie,bpeddiebc@senate.gov,3/3/2023,Pink,Hummer,mauris eget massa tempor convallis nulla neque libero convallis eget eleifend luctus ultricies eu nibh quisque id justo
Elicia,Casaccio,ecasacciobd@biglobe.ne.jp,7/4/2023,Teal,Toyota,parturient montes nascetur ridiculus mus etiam vel augue vestibulum rutrum rutrum neque aenean auctor
Jourdan,Holah,jholahbe@bing.com,7/7/2023,Yellow,BMW,metus arcu adipiscing molestie hendrerit at vulputate vitae nisl aenean lectus pellentesque eget nunc donec
Julieta,Pietersen,jpietersenbf@nyu.edu,9/10/2023,Mauv,Nissan,tellus in sagittis dui vel nisl duis ac nibh fusce
Myrwyn,Hannibal,mhannibalbg@reference.com,10/9/2023,Blue,Nissan,erat quisque erat eros viverra eget congue eget semper rutrum nulla nunc purus phasellus in felis donec semper
Demetra,Sommerton,dsommertonbh@blogspot.com,3/13/2023,Turquoise,Ford,habitasse platea dictumst morbi vestibulum velit id pretium iaculis diam erat fermentum justo nec condimentum neque sapien
Anissa,Kenyon,akenyonbi@google.com.br,12/13/2022,Crimson,Mazda,est congue elementum in hac habitasse platea dictumst morbi vestibulum velit id pretium iaculis diam erat fermentum justo nec condimentum
Obadias,Stores,ostoresbj@cocolog-nifty.com,11/26/2022,Purple,Porsche,natoque penatibus et magnis dis parturient montes nascetur ridiculus mus etiam vel augue vestibulum rutrum rutrum neque aenean
Morna,Durie,mduriebk@angelfire.com,6/10/2023,Red,Ford,ut volutpat sapien arcu sed augue aliquam erat volutpat in
Pamela,Goane,pgoanebl@exblog.jp,8/8/2023,Purple,BMW,suscipit ligula in lacus curabitur at ipsum ac tellus semper interdum mauris ullamcorper purus sit amet nulla quisque arcu
Daveta,Lofty,dloftybm@mac.com,1/11/2023,Pink,Dodge,nulla ut erat id mauris vulputate elementum nullam varius nulla facilisi cras non
Nisse,Praten,npratenbn@wufoo.com,7/22/2023,Maroon,Lincoln,luctus ultricies eu nibh quisque id justo sit amet sapien dignissim vestibulum vestibulum ante ipsum
Toby,Panniers,tpanniersbo@opensource.org,3/12/2023,Goldenrod,Oldsmobile,vitae mattis nibh ligula nec sem duis aliquam convallis nunc proin at
Marice,Roman,mromanbp@go.com,11/7/2022,Mauv,Kia,ipsum primis in faucibus orci luctus et ultrices posuere cubilia curae donec
Tobit,Griniov,tgriniovbq@imdb.com,8/22/2023,Yellow,Ford,augue quam sollicitudin vitae consectetuer eget rutrum at lorem integer
Tybie,Titchen,ttitchenbr@shop-pro.jp,3/11/2023,Aquamarine,Mazda,interdum eu tincidunt in leo maecenas pulvinar lobortis est phasellus sit amet erat nulla tempus
Lia,Tregunnah,ltregunnahbs@google.ca,5/14/2023,Goldenrod,Aston Martin,interdum in ante vestibulum ante ipsum primis in faucibus orci luctus et ultrices posuere cubilia
Corbett,Lindner,clindnerbt@a8.net,11/15/2022,Goldenrod,Infiniti,maecenas pulvinar lobortis est phasellus sit amet erat nulla tempus vivamus in felis eu sapien cursus vestibulum
Baillie,Klejna,bklejnabu@washington.edu,10/4/2023,Blue,Toyota,luctus et ultrices posuere cubilia curae donec pharetra magna vestibulum aliquet ultrices erat tortor sollicitudin mi
Anne,Sennett,asennettbv@creativecommons.org,9/21/2023,Yellow,Toyota,sapien varius ut blandit non interdum in ante vestibulum ante
Aguste,Bullon,abullonbw@ucsd.edu,8/16/2023,Pink,Mitsubishi,accumsan felis ut at dolor quis odio consequat varius integer ac leo pellentesque ultrices
Urbanus,Riha,urihabx@godaddy.com,3/17/2023,Teal,Volvo,nisl duis ac nibh fusce lacus purus aliquet at feugiat non pretium quis lectus suspendisse potenti in eleifend
Frayda,Bill,fbillby@squidoo.com,8/6/2023,Mauv,Kia,in felis donec semper sapien a libero nam dui proin
Elliott,Geane,egeanebz@google.es,4/22/2023,Violet,Audi,etiam vel augue vestibulum rutrum rutrum neque aenean auctor gravida sem praesent id massa id nisl venenatis lacinia aenean sit
Collen,Greetland,cgreetlandc0@digg.com,8/21/2023,Aquamarine,Suzuki,ante ipsum primis in faucibus orci luctus et ultrices posuere cubilia curae mauris viverra
Sib,Werlock,swerlockc1@mediafire.com,1/31/2023,Turquoise,Lincoln,lectus pellentesque at nulla suspendisse potenti cras in purus eu magna vulputate luctus cum sociis natoque penatibus et magnis dis
Leeann,Kosel,lkoselc2@cocolog-nifty.com,2/9/2023,Violet,Acura,id mauris vulputate elementum nullam varius nulla facilisi cras non velit nec nisi vulputate
Andrus,Whiston,awhistonc3@sciencedaily.com,9/14/2023,Aquamarine,Mazda,ante vel ipsum praesent blandit lacinia erat vestibulum sed magna at nunc commodo placerat praesent blandit nam
Damara,Noorwood,dnoorwoodc4@usatoday.com,10/15/2022,Violet,Toyota,tempus vel pede morbi porttitor lorem id ligula suspendisse ornare consequat lectus in est risus auctor sed tristique in tempus
Neil,Knights,nknightsc5@gravatar.com,8/25/2023,Aquamarine,Ford,nibh in lectus pellentesque at nulla suspendisse potenti cras in
Elaina,Pardoe,epardoec6@google.com.br,5/24/2023,Pink,Mitsubishi,ligula suspendisse ornare consequat lectus in est risus auctor sed tristique in tempus sit amet sem fusce consequat nulla nisl
Trace,Sweed,tsweedc7@goo.ne.jp,4/23/2023,Indigo,Buick,nisl aenean lectus pellentesque eget nunc donec quis orci eget orci vehicula condimentum curabitur in libero ut massa volutpat convallis
Lewiss,Pierucci,lpieruccic8@toplist.cz,1/16/2023,Yellow,Dodge,nulla quisque arcu libero rutrum ac lobortis vel dapibus at diam nam
Caprice,Lenard,clenardc9@elpais.com,9/24/2023,Aquamarine,Volkswagen,pharetra magna vestibulum aliquet ultrices erat tortor sollicitudin mi sit amet lobortis sapien
Wendall,Olivia,woliviaca@nytimes.com,12/1/2022,Green,Oldsmobile,magnis dis parturient montes nascetur ridiculus mus etiam vel augue vestibulum rutrum
Javier,Garralts,jgarraltscb@tiny.cc,12/5/2022,Pink,Volkswagen,augue luctus tincidunt nulla mollis molestie lorem quisque ut erat curabitur gravida nisi at nibh in hac habitasse platea dictumst
Peri,Kyttor,pkyttorcc@twitpic.com,10/31/2022,Goldenrod,Ford,egestas metus aenean fermentum donec ut mauris eget massa tempor convallis nulla neque
Devlen,Coultish,dcoultishcd@t-online.de,11/24/2022,Indigo,GMC,lorem ipsum dolor sit amet consectetuer adipiscing elit proin risus praesent lectus vestibulum quam sapien varius ut
Cele,Brierley,cbrierleyce@europa.eu,5/13/2023,Maroon,Toyota,pretium nisl ut volutpat sapien arcu sed augue aliquam erat volutpat in congue etiam justo etiam pretium iaculis
Pat,Raspel,praspelcf@imgur.com,3/24/2023,Indigo,Land Rover,vel est donec odio justo sollicitudin ut suscipit a feugiat et eros vestibulum ac est lacinia nisi venenatis
Karisa,Klimkowski,kklimkowskicg@shareasale.com,8/5/2023,Puce,Toyota,blandit mi in porttitor pede justo eu massa donec dapibus duis at velit eu est congue elementum in hac habitasse
Meryl,O'Feeney,mofeeneych@amazon.de,4/1/2023,Goldenrod,Nissan,nulla quisque arcu libero rutrum ac lobortis vel dapibus at diam nam tristique tortor
Demetra,Blankley,dblankleyci@ebay.com,8/27/2023,Blue,Mercedes-Benz,sapien a libero nam dui proin leo odio porttitor id consequat in consequat ut nulla sed
Wyndham,Datte,wdattecj@nifty.com,3/12/2023,Puce,Buick,orci pede venenatis non sodales sed tincidunt eu felis fusce posuere
Mildrid,Killshaw,mkillshawck@webs.com,8/3/2023,Aquamarine,Pontiac,nisl ut volutpat sapien arcu sed augue aliquam erat volutpat in congue etiam justo etiam
Carlynn,Cockitt,ccockittcl@economist.com,1/17/2023,Pink,Toyota,interdum mauris non ligula pellentesque ultrices phasellus id sapien in sapien iaculis congue
Clarisse,Duley,cduleycm@blogger.com,12/8/2022,Maroon,Mitsubishi,nunc nisl duis bibendum felis sed interdum venenatis turpis enim blandit mi in porttitor pede justo eu massa
Clayton,Camerello,ccamerellocn@yolasite.com,7/30/2023,Turquoise,Mazda,ac est lacinia nisi venenatis tristique fusce congue diam id ornare imperdiet sapien urna
Osbourne,Gleadhall,ogleadhallco@ask.com,9/8/2023,Blue,Ford,non interdum in ante vestibulum ante ipsum primis in faucibus
Anna-diana,Ticehurst,aticehurstcp@chronoengine.com,4/19/2023,Fuscia,Ford,eros elementum pellentesque quisque porta volutpat erat quisque erat eros viverra eget congue eget semper
Madalena,Ox,moxcq@comcast.net,5/24/2023,Goldenrod,Kia,massa id nisl venenatis lacinia aenean sit amet justo morbi ut odio cras mi pede malesuada
Alva,Dunphie,adunphiecr@unc.edu,10/21/2022,Red,Saturn,elementum nullam varius nulla facilisi cras non velit nec nisi
Gamaliel,Dumphreys,gdumphreyscs@bing.com,1/8/2023,Crimson,Land Rover,donec posuere metus vitae ipsum aliquam non mauris morbi non
Findley,Boss,fbossct@artisteer.com,9/15/2023,Violet,Dodge,gravida nisi at nibh in hac habitasse platea dictumst aliquam augue quam sollicitudin vitae
Shaughn,Lovegrove,slovegrovecu@github.io,4/2/2023,Aquamarine,Lincoln,egestas metus aenean fermentum donec ut mauris eget massa tempor convallis nulla neque libero convallis eget eleifend luctus ultricies eu
Addy,De Coursey,adecourseycv@amazon.co.jp,7/1/2023,Mauv,Mitsubishi,etiam justo etiam pretium iaculis justo in hac habitasse platea dictumst
Vannie,Sidwell,vsidwellcw@blogtalkradio.com,4/24/2023,Green,Cadillac,nam dui proin leo odio porttitor id consequat in consequat ut nulla sed accumsan felis ut at dolor
Carry,Sedgeman,csedgemancx@studiopress.com,8/21/2023,Blue,Nissan,interdum eu tincidunt in leo maecenas pulvinar lobortis est phasellus sit amet erat nulla tempus vivamus
Alexio,Flahy,aflahycy@phoca.cz,8/20/2023,Fuscia,Mercedes-Benz,elementum ligula vehicula consequat morbi a ipsum integer a nibh in quis justo maecenas rhoncus aliquam
Frannie,Mattin,fmattincz@t.co,4/29/2023,Orange,Scion,nonummy integer non velit donec diam neque vestibulum eget vulputate ut ultrices vel augue vestibulum ante ipsum
Farrel,Rahl,frahld0@about.me,7/18/2023,Aquamarine,Lexus,in faucibus orci luctus et ultrices posuere cubilia curae mauris viverra diam vitae quam suspendisse potenti
Culver,Girardin,cgirardind1@toplist.cz,4/21/2023,Yellow,Mazda,libero convallis eget eleifend luctus ultricies eu nibh quisque id justo
Chelsea,Budgett,cbudgettd2@hao123.com,5/26/2023,Fuscia,Audi,habitasse platea dictumst aliquam augue quam sollicitudin vitae consectetuer eget rutrum
Esta,Hehnke,ehehnked3@arstechnica.com,3/15/2023,Red,Scion,morbi non quam nec dui luctus rutrum nulla tellus in sagittis dui vel nisl duis ac nibh fusce lacus purus
Erroll,Gioan,egioand4@ibm.com,5/27/2023,Puce,Mercedes-Benz,vel accumsan tellus nisi eu orci mauris lacinia sapien quis libero nullam sit amet turpis elementum ligula vehicula
Rosalynd,Treleven,rtrelevend5@netvibes.com,5/26/2023,Mauv,Geo,velit id pretium iaculis diam erat fermentum justo nec condimentum neque sapien placerat
Felisha,Bartomeu,fbartomeud6@icq.com,1/4/2023,Teal,Volkswagen,ligula sit amet eleifend pede libero quis orci nullam molestie nibh in
Thorstein,Sporner,tspornerd7@blog.com,11/7/2022,Yellow,Mercury,faucibus accumsan odio curabitur convallis duis consequat dui nec nisi volutpat eleifend donec ut dolor morbi vel lectus in quam
Giustina,Summerell,gsummerelld8@opensource.org,12/9/2022,Crimson,Mercedes-Benz,vivamus vestibulum sagittis sapien cum sociis natoque penatibus et magnis dis parturient montes nascetur
Tracey,Pittson,tpittsond9@ustream.tv,9/26/2023,Pink,Chrysler,non sodales sed tincidunt eu felis fusce posuere felis sed lacus morbi sem mauris
Clarence,Weyman,cweymanda@pcworld.com,10/13/2022,Fuscia,GMC,elementum pellentesque quisque porta volutpat erat quisque erat eros viverra eget congue eget semper rutrum nulla nunc
Ara,Vitler,avitlerdb@gnu.org,4/18/2023,Goldenrod,Mitsubishi,consequat varius integer ac leo pellentesque ultrices mattis odio donec vitae nisi
Kelby,McGinly,kmcginlydc@acquirethisname.com,6/3/2023,Fuscia,Volkswagen,in faucibus orci luctus et ultrices posuere cubilia curae donec
Branden,Denmead,bdenmeaddd@wunderground.com,4/21/2023,Fuscia,Mazda,ut massa quis augue luctus tincidunt nulla mollis molestie lorem
Eziechiele,Friedenbach,efriedenbachde@cisco.com,1/12/2023,Khaki,Toyota,consectetuer eget rutrum at lorem integer tincidunt ante vel ipsum praesent blandit
Tessa,Longthorne,tlongthornedf@people.com.cn,3/25/2023,Goldenrod,Honda,rhoncus sed vestibulum sit amet cursus id turpis integer aliquet massa id lobortis convallis tortor risus dapibus augue vel accumsan
Chane,Budibent,cbudibentdg@cloudflare.com,7/29/2023,Orange,Toyota,tortor duis mattis egestas metus aenean fermentum donec ut mauris eget massa tempor convallis nulla neque libero
Phyllys,Freeborn,pfreeborndh@shop-pro.jp,11/22/2022,Goldenrod,Lexus,consectetuer adipiscing elit proin interdum mauris non ligula pellentesque ultrices phasellus id sapien in
Bettine,Croce,bcrocedi@army.mil,7/24/2023,Violet,Aston Martin,donec semper sapien a libero nam dui proin leo odio porttitor
Nathanial,Oury,nourydj@joomla.org,11/11/2022,Khaki,Pontiac,nulla suspendisse potenti cras in purus eu magna vulputate luctus cum sociis natoque
Steffane,McCrackan,smccrackandk@whitehouse.gov,10/7/2023,Mauv,GMC,a libero nam dui proin leo odio porttitor id consequat in consequat ut nulla sed accumsan felis
Georgetta,Christene,gchristenedl@washingtonpost.com,1/24/2023,Puce,Dodge,ante ipsum primis in faucibus orci luctus et ultrices posuere cubilia curae donec pharetra magna vestibulum aliquet
Garwood,Keywood,gkeywooddm@amazon.de,4/21/2023,Turquoise,Volkswagen,ut erat curabitur gravida nisi at nibh in hac habitasse platea dictumst aliquam
Gibbie,Clows,gclowsdn@whitehouse.gov,12/28/2022,Fuscia,Oldsmobile,odio donec vitae nisi nam ultrices libero non mattis pulvinar nulla pede ullamcorper augue a
Pieter,Postle,ppostledo@smh.com.au,4/26/2023,Mauv,Saturn,id massa id nisl venenatis lacinia aenean sit amet justo morbi ut odio cras mi
Eadith,Blayney,eblayneydp@tmall.com,9/13/2023,Mauv,Porsche,molestie nibh in lectus pellentesque at nulla suspendisse potenti cras
Cristabel,Eisikowitz,ceisikowitzdq@npr.org,11/1/2022,Khaki,Volkswagen,aenean fermentum donec ut mauris eget massa tempor convallis nulla neque libero convallis eget eleifend luctus ultricies eu nibh quisque
Elwin,Renackowna,erenackownadr@meetup.com,9/8/2023,Yellow,Mercedes-Benz,nisl aenean lectus pellentesque eget nunc donec quis orci eget orci vehicula condimentum curabitur in libero ut massa volutpat convallis
Kamillah,Belin,kbelinds@printfriendly.com,12/8/2022,Aquamarine,Lotus,vestibulum velit id pretium iaculis diam erat fermentum justo nec condimentum neque sapien placerat ante nulla justo aliquam quis turpis
Marcellina,McArte,mmcartedt@java.com,11/5/2022,Purple,Nissan,primis in faucibus orci luctus et ultrices posuere cubilia curae donec pharetra magna vestibulum
Bartholomeo,Partkya,bpartkyadu@reverbnation.com,8/21/2023,Fuscia,GMC,integer aliquet massa id lobortis convallis tortor risus dapibus augue vel accumsan tellus nisi eu orci mauris lacinia sapien quis
Ulla,Minger,umingerdv@joomla.org,11/15/2022,Maroon,Volvo,sed sagittis nam congue risus semper porta volutpat quam pede lobortis ligula sit amet eleifend pede libero
Dillie,Bambridge,dbambridgedw@apache.org,8/29/2023,Violet,Chevrolet,eleifend quam a odio in hac habitasse platea dictumst maecenas ut massa quis
Vidovic,Sline,vslinedx@google.com,4/17/2023,Green,Hummer,lorem integer tincidunt ante vel ipsum praesent blandit lacinia erat vestibulum sed magna at nunc commodo placerat
Raeann,Creavin,rcreavindy@is.gd,2/28/2023,Puce,Mercedes-Benz,interdum eu tincidunt in leo maecenas pulvinar lobortis est phasellus sit amet erat nulla tempus vivamus in
Base,Have,bhavedz@so-net.ne.jp,12/23/2022,Puce,Lotus,volutpat quam pede lobortis ligula sit amet eleifend pede libero quis orci nullam molestie nibh in lectus pellentesque at
Nikola,Conry,nconrye0@berkeley.edu,1/28/2023,Goldenrod,Chevrolet,ipsum primis in faucibus orci luctus et ultrices posuere cubilia
Jemima,Frankowski,jfrankowskie1@google.nl,9/5/2023,Red,Mercedes-Benz,vestibulum aliquet ultrices erat tortor sollicitudin mi sit amet lobortis sapien sapien
Suki,Houldcroft,shouldcrofte2@cnet.com,7/22/2023,Mauv,Bentley,diam vitae quam suspendisse potenti nullam porttitor lacus at turpis donec posuere metus vitae ipsum aliquam non
Cosimo,Chaffey,cchaffeye3@vimeo.com,5/9/2023,Purple,Ford,pellentesque volutpat dui maecenas tristique est et tempus semper est quam pharetra
Sheffie,Deason,sdeasone4@xrea.com,5/10/2023,Fuscia,Volkswagen,pellentesque at nulla suspendisse potenti cras in purus eu magna vulputate
Jacques,Duligall,jduligalle5@ycombinator.com,10/9/2023,Indigo,Ford,nunc nisl duis bibendum felis sed interdum venenatis turpis enim blandit mi in porttitor pede justo eu massa
Teodora,Boylund,tboylunde6@mapy.cz,3/7/2023,Green,Honda,blandit non interdum in ante vestibulum ante ipsum primis in faucibus orci luctus et ultrices posuere
Conn,Klaiser,cklaisere7@nifty.com,9/2/2023,Turquoise,Acura,quam fringilla rhoncus mauris enim leo rhoncus sed vestibulum sit amet cursus id turpis integer
Everett,Gooms,egoomse8@about.me,1/28/2023,Maroon,Pontiac,luctus et ultrices posuere cubilia curae mauris viverra diam vitae quam suspendisse potenti nullam porttitor
John,Rowen,jrowene9@oaic.gov.au,10/3/2023,Maroon,Subaru,blandit lacinia erat vestibulum sed magna at nunc commodo placerat praesent blandit nam nulla integer pede justo lacinia eget tincidunt
Jeremy,Mengo,jmengoea@jimdo.com,9/21/2023,Orange,Mazda,vestibulum ante ipsum primis in faucibus orci luctus et ultrices
Reginauld,D'Angeli,rdangelieb@scientificamerican.com,5/4/2023,Khaki,Volkswagen,elementum eu interdum eu tincidunt in leo maecenas pulvinar lobortis est phasellus sit
Andre,Grishakin,agrishakinec@behance.net,7/19/2023,Khaki,Chevrolet,duis ac nibh fusce lacus purus aliquet at feugiat non pretium
Jameson,Wisam,jwisamed@ftc.gov,7/16/2023,Maroon,Lamborghini,tincidunt nulla mollis molestie lorem quisque ut erat curabitur gravida nisi at nibh in hac
Elka,Moral,emoralee@networksolutions.com,11/8/2022,Teal,Maybach,enim blandit mi in porttitor pede justo eu massa donec dapibus duis at
Kakalina,O'Lynn,kolynnef@google.pl,4/15/2023,Khaki,Dodge,semper rutrum nulla nunc purus phasellus in felis donec semper sapien a libero nam dui proin leo
Marcia,Fortman,mfortmaneg@freewebs.com,10/3/2023,Puce,Mercedes-Benz,pede libero quis orci nullam molestie nibh in lectus pellentesque
Melvyn,Trenoweth,mtrenowetheh@fda.gov,4/21/2023,Blue,BMW,aliquam sit amet diam in magna bibendum imperdiet nullam orci pede venenatis non sodales sed
Dyann,Arrighini,darrighiniei@amazonaws.com,8/15/2023,Green,Subaru,rhoncus sed vestibulum sit amet cursus id turpis integer aliquet massa id lobortis convallis tortor risus
Celestine,Orrow,corrowej@exblog.jp,3/3/2023,Goldenrod,Toyota,vel sem sed sagittis nam congue risus semper porta volutpat quam pede lobortis ligula
Marcellus,Febre,mfebreek@wsj.com,7/9/2023,Indigo,Dodge,augue vestibulum rutrum rutrum neque aenean auctor gravida sem praesent id massa id nisl venenatis lacinia aenean sit
Stavros,Escalero,sescaleroel@i2i.jp,12/28/2022,Aquamarine,Scion,sapien quis libero nullam sit amet turpis elementum ligula vehicula consequat morbi a ipsum integer a nibh in quis justo
Pepi,Itzcovich,pitzcovichem@barnesandnoble.com,8/6/2023,Pink,Mercury,lectus in est risus auctor sed tristique in tempus sit amet sem
Derk,Ovitz,dovitzen@cafepress.com,8/4/2023,Mauv,Saab,metus sapien ut nunc vestibulum ante ipsum primis in faucibus orci luctus
Torrey,Girvin,tgirvineo@unesco.org,9/6/2023,Indigo,Nissan,orci vehicula condimentum curabitur in libero ut massa volutpat convallis morbi
Tisha,Pirrie,tpirrieep@newyorker.com,7/20/2023,Orange,Pontiac,nunc rhoncus dui vel sem sed sagittis nam congue risus semper porta volutpat
Debi,Doumic,ddoumiceq@businesswire.com,3/22/2023,Puce,Audi,convallis morbi odio odio elementum eu interdum eu tincidunt in leo maecenas pulvinar lobortis est
Adolphe,Cutler,acutlerer@photobucket.com,8/27/2023,Teal,Lexus,turpis enim blandit mi in porttitor pede justo eu massa donec dapibus duis at velit eu est
Ashlee,Karus,akaruses@tmall.com,6/17/2023,Indigo,Buick,vivamus tortor duis mattis egestas metus aenean fermentum donec ut mauris eget massa
Milzie,Fidge,mfidgeet@123-reg.co.uk,12/8/2022,Green,GMC,nibh ligula nec sem duis aliquam convallis nunc proin at turpis a pede posuere nonummy integer non velit donec diam
Brittney,Slott,bslotteu@fema.gov,12/3/2022,Mauv,Mercury,morbi vel lectus in quam fringilla rhoncus mauris enim leo rhoncus sed vestibulum
Bea,Pickard,bpickardev@quantcast.com,1/26/2023,Teal,Acura,integer non velit donec diam neque vestibulum eget vulputate ut ultrices vel augue vestibulum ante ipsum
Janek,MacCollom,jmaccollomew@desdev.cn,10/30/2022,Goldenrod,Jeep,pellentesque eget nunc donec quis orci eget orci vehicula condimentum curabitur in libero ut massa
Tab,Redfield,tredfieldex@forbes.com,8/29/2023,Pink,Mazda,vestibulum velit id pretium iaculis diam erat fermentum justo nec condimentum neque sapien
Meggi,Solland,msollandey@vimeo.com,12/30/2022,Violet,Chevrolet,augue vel accumsan tellus nisi eu orci mauris lacinia sapien quis libero nullam
Selena,Heaphy,sheaphyez@clickbank.net,5/1/2023,Mauv,Ford,aliquam non mauris morbi non lectus aliquam sit amet diam in magna bibendum imperdiet nullam
Verine,Discombe,vdiscombef0@dailymail.co.uk,12/19/2022,Khaki,Subaru,donec ut dolor morbi vel lectus in quam fringilla rhoncus mauris enim
Shelba,Dobrovolski,sdobrovolskif1@apple.com,2/2/2023,Teal,Pontiac,ante ipsum primis in faucibus orci luctus et ultrices posuere cubilia curae mauris viverra diam vitae quam suspendisse potenti nullam
Amanda,Dannel,adannelf2@imgur.com,6/12/2023,Purple,Mitsubishi,tellus semper interdum mauris ullamcorper purus sit amet nulla quisque arcu libero rutrum ac lobortis vel dapibus at diam nam
Matt,Teligin,mteliginf3@cmu.edu,3/14/2023,Fuscia,Ford,ante ipsum primis in faucibus orci luctus et ultrices posuere cubilia curae mauris viverra diam vitae quam suspendisse potenti nullam
Aubrey,McCallum,amccallumf4@1688.com,11/13/2022,Blue,Suzuki,massa tempor convallis nulla neque libero convallis eget eleifend luctus ultricies eu nibh quisque id
Al,Blewis,ablewisf5@cdbaby.com,9/14/2023,Maroon,Audi,nullam porttitor lacus at turpis donec posuere metus vitae ipsum aliquam non mauris morbi
Joby,Beldham,jbeldhamf6@sun.com,10/25/2022,Crimson,Honda,erat id mauris vulputate elementum nullam varius nulla facilisi cras non velit nec nisi vulputate nonummy maecenas tincidunt lacus at
Denver,Royse,droysef7@amazonaws.com,6/27/2023,Green,Dodge,dolor sit amet consectetuer adipiscing elit proin risus praesent lectus vestibulum quam sapien
Ervin,Rawlcliffe,erawlcliffef8@histats.com,11/10/2022,Green,Buick,volutpat quam pede lobortis ligula sit amet eleifend pede libero quis orci nullam molestie nibh in lectus pellentesque at nulla
Coralyn,Zanioletti,czaniolettif9@creativecommons.org,7/13/2023,Indigo,Subaru,amet justo morbi ut odio cras mi pede malesuada in imperdiet et commodo vulputate justo in blandit ultrices
Mellisent,Titmarsh,mtitmarshfa@wordpress.com,5/18/2023,Aquamarine,Nissan,pede justo eu massa donec dapibus duis at velit eu est congue elementum in hac
Yovonnda,Burel,yburelfb@ucsd.edu,10/14/2022,Indigo,Honda,elit sodales scelerisque mauris sit amet eros suspendisse accumsan tortor quis turpis sed ante vivamus tortor duis mattis egestas metus
Sibylle,Tolley,stolleyfc@jimdo.com,2/11/2023,Crimson,Buick,dictumst aliquam augue quam sollicitudin vitae consectetuer eget rutrum at lorem integer tincidunt ante vel ipsum praesent blandit
Bert,Easterby,beasterbyfd@seattletimes.com,7/20/2023,Crimson,Mercury,aenean sit amet justo morbi ut odio cras mi pede malesuada
Shelby,Morales,smoralesfe@senate.gov,9/29/2023,Khaki,Honda,sed lacus morbi sem mauris laoreet ut rhoncus aliquet pulvinar sed nisl nunc rhoncus dui vel
Cobbie,Ruilton,cruiltonff@51.la,12/23/2022,Indigo,Mitsubishi,amet nulla quisque arcu libero rutrum ac lobortis vel dapibus at diam nam tristique tortor
Piper,Pirot,ppirotfg@jiathis.com,7/30/2023,Khaki,Buick,donec diam neque vestibulum eget vulputate ut ultrices vel augue vestibulum ante ipsum primis in
Birgitta,Tixall,btixallfh@mail.ru,6/4/2023,Teal,Ford,erat id mauris vulputate elementum nullam varius nulla facilisi cras non velit nec nisi vulputate nonummy maecenas tincidunt lacus at
Dell,Santora,dsantorafi@ft.com,4/7/2023,Turquoise,Land Rover,integer pede justo lacinia eget tincidunt eget tempus vel pede morbi
Farley,Speddin,fspeddinfj@nasa.gov,12/14/2022,Maroon,Mitsubishi,dapibus duis at velit eu est congue elementum in hac habitasse platea dictumst morbi vestibulum velit
Kip,Tonbye,ktonbyefk@mediafire.com,8/16/2023,Aquamarine,Acura,sapien cum sociis natoque penatibus et magnis dis parturient montes nascetur ridiculus mus etiam vel augue vestibulum rutrum rutrum neque
Sybila,Delue,sdeluefl@delicious.com,1/25/2023,Maroon,Mitsubishi,turpis elementum ligula vehicula consequat morbi a ipsum integer a nibh in quis justo
Xylina,Le Port,xleportfm@mac.com,7/28/2023,Fuscia,Dodge,luctus cum sociis natoque penatibus et magnis dis parturient montes nascetur ridiculus mus vivamus vestibulum
Salem,Gall,sgallfn@usatoday.com,11/28/2022,Orange,Dodge,vestibulum eget vulputate ut ultrices vel augue vestibulum ante ipsum
Milty,Stockings,mstockingsfo@surveymonkey.com,8/6/2023,Red,Nissan,proin interdum mauris non ligula pellentesque ultrices phasellus id sapien
Tootsie,Breddy,tbreddyfp@google.com.br,3/25/2023,Maroon,Kia,scelerisque quam turpis adipiscing lorem vitae mattis nibh ligula nec sem duis
Jasmina,Collyer,jcollyerfq@exblog.jp,12/30/2022,Teal,Chevrolet,amet eleifend pede libero quis orci nullam molestie nibh in lectus pellentesque at nulla suspendisse potenti
Sven,Bowe,sbowefr@amazon.de,6/27/2023,Blue,Dodge,metus sapien ut nunc vestibulum ante ipsum primis in faucibus orci luctus
Tripp,Joe,tjoefs@yolasite.com,1/17/2023,Teal,Plymouth,ligula nec sem duis aliquam convallis nunc proin at turpis a pede posuere nonummy integer non velit donec diam
Kiersten,Edgars,kedgarsft@marriott.com,9/6/2023,Pink,Audi,pretium quis lectus suspendisse potenti in eleifend quam a odio in hac habitasse platea dictumst maecenas ut massa
Denis,Jacobovitch,djacobovitchfu@skype.com,2/13/2023,Teal,Chevrolet,non ligula pellentesque ultrices phasellus id sapien in sapien iaculis congue vivamus metus arcu adipiscing molestie hendrerit at
Cal,Frontczak,cfrontczakfv@technorati.com,8/27/2023,Puce,Toyota,suspendisse potenti cras in purus eu magna vulputate luctus cum sociis natoque penatibus et magnis dis parturient montes nascetur ridiculus
Alejandro,Ozanne,aozannefw@cmu.edu,5/28/2023,Green,Dodge,fusce consequat nulla nisl nunc nisl duis bibendum felis sed interdum venenatis turpis enim blandit mi in porttitor
Ad,Bickford,abickfordfx@studiopress.com,1/1/2023,Puce,BMW,purus aliquet at feugiat non pretium quis lectus suspendisse potenti
Vania,Biskup,vbiskupfy@meetup.com,1/12/2023,Puce,Jaguar,in hac habitasse platea dictumst etiam faucibus cursus urna ut tellus nulla ut
Rivi,Spacy,rspacyfz@mapquest.com,9/5/2023,Goldenrod,Infiniti,purus sit amet nulla quisque arcu libero rutrum ac lobortis vel dapibus at diam
Laurena,Collicott,lcollicottg0@prnewswire.com,1/15/2023,Goldenrod,Lexus,bibendum felis sed interdum venenatis turpis enim blandit mi in porttitor pede justo eu massa donec
Gregoor,Strick,gstrickg1@ox.ac.uk,2/3/2023,Puce,Bentley,tellus in sagittis dui vel nisl duis ac nibh fusce
Hayyim,Jennions,hjennionsg2@plala.or.jp,1/1/2023,Crimson,Mazda,felis sed lacus morbi sem mauris laoreet ut rhoncus aliquet pulvinar sed nisl nunc rhoncus dui vel sem sed
Yolanda,Asee,yaseeg3@hibu.com,8/19/2023,Yellow,Ford,proin eu mi nulla ac enim in tempor turpis nec euismod
Kin,Haliburton,khaliburtong4@ocn.ne.jp,3/18/2023,Mauv,Mazda,tristique fusce congue diam id ornare imperdiet sapien urna pretium nisl ut volutpat
Annmarie,MacGillavery,amacgillaveryg5@wordpress.com,12/21/2022,Blue,Aston Martin,duis consequat dui nec nisi volutpat eleifend donec ut dolor morbi vel lectus in
Caroline,Kenen,ckeneng6@feedburner.com,10/30/2022,Crimson,Toyota,integer a nibh in quis justo maecenas rhoncus aliquam lacus morbi quis tortor id nulla ultrices aliquet
Waldemar,Kearton,wkeartong7@instagram.com,10/7/2023,Teal,Mercedes-Benz,erat id mauris vulputate elementum nullam varius nulla facilisi cras non velit
Francine,Chaston,fchastong8@pbs.org,9/27/2023,Orange,Hyundai,libero nam dui proin leo odio porttitor id consequat in consequat ut nulla sed accumsan felis ut at dolor quis
Jerald,Barthel,jbarthelg9@cam.ac.uk,5/24/2023,Yellow,Toyota,convallis nunc proin at turpis a pede posuere nonummy integer non velit donec diam
Marie,Fyfield,mfyfieldga@prlog.org,9/10/2023,Fuscia,Chevrolet,nulla eget eros elementum pellentesque quisque porta volutpat erat quisque
Erena,Struis,estruisgb@shutterfly.com,12/17/2022,Purple,MINI,lectus pellentesque at nulla suspendisse potenti cras in purus eu magna vulputate luctus cum sociis natoque penatibus et magnis
Ariadne,Ager,aagergc@nba.com,6/14/2023,Maroon,Volkswagen,amet consectetuer adipiscing elit proin interdum mauris non ligula pellentesque ultrices phasellus id sapien in sapien iaculis congue vivamus metus
Gideon,Graysmark,ggraysmarkgd@usnews.com,9/14/2023,Yellow,Bentley,quam suspendisse potenti nullam porttitor lacus at turpis donec posuere metus vitae ipsum aliquam non mauris
Adena,Morillas,amorillasge@quantcast.com,2/13/2023,Teal,Infiniti,nunc proin at turpis a pede posuere nonummy integer non velit donec diam neque vestibulum eget vulputate ut ultrices
Thaine,Mouget,tmougetgf@examiner.com,5/11/2023,Turquoise,Chevrolet,vestibulum sagittis sapien cum sociis natoque penatibus et magnis dis
Lu,Lintot,llintotgg@ow.ly,9/11/2023,Aquamarine,Toyota,platea dictumst etiam faucibus cursus urna ut tellus nulla ut erat id
Reed,Nodin,rnodingh@cbsnews.com,2/10/2023,Khaki,Dodge,sit amet justo morbi ut odio cras mi pede malesuada in imperdiet et commodo vulputate
Karla,Radke,kradkegi@indiegogo.com,10/14/2022,Turquoise,Land Rover,luctus et ultrices posuere cubilia curae donec pharetra magna vestibulum aliquet ultrices erat tortor sollicitudin mi sit
Jesse,Osbaldstone,josbaldstonegj@un.org,2/19/2023,Maroon,Volvo,orci luctus et ultrices posuere cubilia curae duis faucibus accumsan odio curabitur convallis duis consequat dui nec nisi volutpat eleifend
Gaspar,Lerego,gleregogk@webs.com,8/3/2023,Khaki,Smart,vestibulum rutrum rutrum neque aenean auctor gravida sem praesent id massa id nisl
Alexis,Harte,ahartegl@wikipedia.org,8/25/2023,Green,Alfa Romeo,cras mi pede malesuada in imperdiet et commodo vulputate justo in blandit ultrices enim lorem ipsum dolor sit amet
Merv,Davidovitch,mdavidovitchgm@mozilla.org,7/21/2023,Fuscia,Chevrolet,sem duis aliquam convallis nunc proin at turpis a pede posuere nonummy integer non
Rani,Wetter,rwettergn@biglobe.ne.jp,3/18/2023,Goldenrod,Toyota,sapien urna pretium nisl ut volutpat sapien arcu sed augue aliquam erat volutpat in congue etiam justo etiam pretium iaculis
Abigale,Vigours,avigoursgo@1und1.de,6/4/2023,Red,Pontiac,aliquam erat volutpat in congue etiam justo etiam pretium iaculis justo in
Piotr,Le Jean,plejeangp@dell.com,1/1/2023,Purple,Audi,leo rhoncus sed vestibulum sit amet cursus id turpis integer aliquet massa id
Clayborne,Sawart,csawartgq@oracle.com,3/10/2023,Indigo,Plymouth,convallis duis consequat dui nec nisi volutpat eleifend donec ut dolor morbi vel lectus in quam fringilla
Lorianna,Iffland,lifflandgr@google.it,4/15/2023,Green,Toyota,rhoncus mauris enim leo rhoncus sed vestibulum sit amet cursus id turpis integer aliquet
Kippy,Barthel,kbarthelgs@cocolog-nifty.com,5/13/2023,Violet,Dodge,dui vel nisl duis ac nibh fusce lacus purus aliquet at feugiat non pretium quis lectus
Elysha,Roistone,eroistonegt@dell.com,1/17/2023,Crimson,Acura,at lorem integer tincidunt ante vel ipsum praesent blandit lacinia erat vestibulum sed magna at
Shari,Quakley,squakleygu@digg.com,10/2/2023,Khaki,Mitsubishi,varius ut blandit non interdum in ante vestibulum ante ipsum primis in faucibus orci luctus et ultrices posuere cubilia curae
Warren,Parker,wparkergv@kickstarter.com,4/24/2023,Pink,Subaru,in tempus sit amet sem fusce consequat nulla nisl nunc nisl duis bibendum felis sed interdum venenatis turpis enim blandit
Launce,Spinke,lspinkegw@barnesandnoble.com,8/24/2023,Blue,Buick,maecenas ut massa quis augue luctus tincidunt nulla mollis molestie lorem quisque ut erat curabitur gravida nisi at nibh
Mella,Geerits,mgeeritsgx@skyrock.com,7/29/2023,Mauv,Pontiac,ut tellus nulla ut erat id mauris vulputate elementum nullam varius nulla facilisi cras non velit nec nisi vulputate
Andre,Novelli,anovelligy@parallels.com,3/26/2023,Turquoise,Chevrolet,id turpis integer aliquet massa id lobortis convallis tortor risus dapibus augue
Kermit,Petschelt,kpetscheltgz@devhub.com,2/12/2023,Yellow,Oldsmobile,nisl nunc rhoncus dui vel sem sed sagittis nam congue
Trescha,Bysshe,tbyssheh0@exblog.jp,7/10/2023,Violet,Chrysler,faucibus accumsan odio curabitur convallis duis consequat dui nec nisi
Elysha,Bullocke,ebullockeh1@boston.com,6/10/2023,Maroon,Audi,erat quisque erat eros viverra eget congue eget semper rutrum
Torey,Wells,twellsh2@nifty.com,5/27/2023,Crimson,Nissan,faucibus orci luctus et ultrices posuere cubilia curae donec pharetra magna vestibulum aliquet ultrices erat tortor sollicitudin mi sit
Royal,Ewbanke,rewbankeh3@furl.net,9/27/2023,Violet,Chevrolet,in quam fringilla rhoncus mauris enim leo rhoncus sed vestibulum sit amet
Celine,Adriaens,cadriaensh4@tuttocitta.it,10/20/2022,Yellow,Mercury,parturient montes nascetur ridiculus mus etiam vel augue vestibulum rutrum rutrum
Marnia,Bowick,mbowickh5@cisco.com,12/7/2022,Green,Bentley,a ipsum integer a nibh in quis justo maecenas rhoncus aliquam lacus morbi quis tortor id nulla ultrices
Maris,Blabie,mblabieh6@fastcompany.com,11/27/2022,Violet,Nissan,et ultrices posuere cubilia curae duis faucibus accumsan odio curabitur convallis duis consequat
Coralie,Scalia,cscaliah7@un.org,4/13/2023,Maroon,Eagle,ullamcorper augue a suscipit nulla elit ac nulla sed vel enim sit amet nunc viverra dapibus nulla
Tyson,Norcott,tnorcotth8@t.co,2/6/2023,Puce,BMW,ipsum aliquam non mauris morbi non lectus aliquam sit amet
Harrison,Feldfisher,hfeldfisherh9@oaic.gov.au,2/26/2023,Orange,Pontiac,ornare consequat lectus in est risus auctor sed tristique in tempus sit amet sem fusce consequat nulla nisl
Fonz,Chown,fchownha@1und1.de,4/18/2023,Indigo,Ford,phasellus in felis donec semper sapien a libero nam dui proin leo odio porttitor id consequat in consequat
Alaric,Klemke,aklemkehb@flavors.me,4/2/2023,Mauv,Dodge,orci nullam molestie nibh in lectus pellentesque at nulla suspendisse potenti cras in purus
Ahmad,Darwin,adarwinhc@simplemachines.org,5/28/2023,Violet,Chrysler,vulputate ut ultrices vel augue vestibulum ante ipsum primis in faucibus orci luctus et ultrices posuere
Elladine,Arney,earneyhd@globo.com,2/8/2023,Yellow,Mercedes-Benz,pellentesque viverra pede ac diam cras pellentesque volutpat dui maecenas tristique est et tempus semper est quam
Gene,Zannini,gzanninihe@usatoday.com,8/17/2023,Purple,Ford,mauris sit amet eros suspendisse accumsan tortor quis turpis sed ante vivamus tortor
Audrie,Parlatt,aparlatthf@phpbb.com,3/4/2023,Indigo,Audi,ac nibh fusce lacus purus aliquet at feugiat non pretium quis lectus suspendisse potenti in
Cleo,Linton,clintonhg@squarespace.com,12/26/2022,Green,MINI,a pede posuere nonummy integer non velit donec diam neque vestibulum eget vulputate ut ultrices vel
Jaquenette,Goane,jgoanehh@va.gov,8/26/2023,Purple,Land Rover,venenatis tristique fusce congue diam id ornare imperdiet sapien urna pretium
Ellyn,Hayers,ehayershi@zimbio.com,8/20/2023,Red,Nissan,nunc nisl duis bibendum felis sed interdum venenatis turpis enim blandit mi in
Jolie,Eberz,jeberzhj@weather.com,12/27/2022,Khaki,Chevrolet,vehicula condimentum curabitur in libero ut massa volutpat convallis morbi odio odio elementum eu
Clem,Valintine,cvalintinehk@wiley.com,7/16/2023,Turquoise,Mitsubishi,augue aliquam erat volutpat in congue etiam justo etiam pretium iaculis justo in hac habitasse platea
Baxy,Le Conte,blecontehl@wikipedia.org,6/21/2023,Puce,Maserati,varius integer ac leo pellentesque ultrices mattis odio donec vitae nisi nam ultrices libero non mattis pulvinar nulla pede
Garfield,Bogges,gboggeshm@pcworld.com,7/29/2023,Green,Audi,est quam pharetra magna ac consequat metus sapien ut nunc vestibulum ante ipsum primis in faucibus orci luctus et ultrices
Ronni,Offield,roffieldhn@shinystat.com,8/16/2023,Maroon,Cadillac,lacinia sapien quis libero nullam sit amet turpis elementum ligula vehicula consequat
Sheri,Lodovichi,slodovichiho@gravatar.com,3/10/2023,Maroon,Lotus,varius ut blandit non interdum in ante vestibulum ante ipsum primis in faucibus orci luctus et ultrices
Eulalie,Jellman,ejellmanhp@independent.co.uk,12/4/2022,Purple,Mitsubishi,habitasse platea dictumst aliquam augue quam sollicitudin vitae consectetuer eget rutrum at lorem
Zelma,Casino,zcasinohq@nydailynews.com,3/21/2023,Turquoise,Ford,ut dolor morbi vel lectus in quam fringilla rhoncus mauris enim leo
Trisha,Kelsow,tkelsowhr@wordpress.com,12/22/2022,Aquamarine,Ford,mattis pulvinar nulla pede ullamcorper augue a suscipit nulla elit ac
Cathe,Tollit,ctolliths@thetimes.co.uk,7/16/2023,Green,BMW,facilisi cras non velit nec nisi vulputate nonummy maecenas tincidunt lacus
Sondra,Burrass,sburrassht@spotify.com,10/17/2022,Orange,Ford,metus vitae ipsum aliquam non mauris morbi non lectus aliquam sit amet diam in magna bibendum imperdiet nullam orci pede
Dion,Merchant,dmerchanthu@intel.com,7/27/2023,Red,Lotus,curae duis faucibus accumsan odio curabitur convallis duis consequat dui nec nisi volutpat eleifend
Lyell,Bradwell,lbradwellhv@biblegateway.com,2/20/2023,Teal,Eagle,semper interdum mauris ullamcorper purus sit amet nulla quisque arcu libero rutrum ac
Ferd,Cosans,fcosanshw@privacy.gov.au,1/14/2023,Pink,GMC,nulla tempus vivamus in felis eu sapien cursus vestibulum proin eu mi
Joachim,Illston,jillstonhx@people.com.cn,5/7/2023,Indigo,Isuzu,at feugiat non pretium quis lectus suspendisse potenti in eleifend quam
Fawn,Exter,fexterhy@google.it,1/18/2023,Purple,Acura,sapien urna pretium nisl ut volutpat sapien arcu sed augue aliquam erat volutpat
Patrizia,Muckersie,pmuckersiehz@miitbeian.gov.cn,6/22/2023,Indigo,Mitsubishi,est quam pharetra magna ac consequat metus sapien ut nunc vestibulum ante
Alessandro,Keaton,akeatoni0@irs.gov,11/11/2022,Green,Audi,proin risus praesent lectus vestibulum quam sapien varius ut blandit non interdum in ante vestibulum ante ipsum primis
Blondy,Abbatucci,babbatuccii1@statcounter.com,11/13/2022,Orange,Audi,massa quis augue luctus tincidunt nulla mollis molestie lorem quisque ut erat curabitur gravida
Shane,Press,spressi2@bing.com,4/12/2023,Purple,GMC,porttitor pede justo eu massa donec dapibus duis at velit eu est congue elementum in hac habitasse
Brenna,Le Estut,bleestuti3@networksolutions.com,9/18/2023,Green,Pontiac,non sodales sed tincidunt eu felis fusce posuere felis sed lacus morbi sem mauris laoreet ut rhoncus
Ozzy,Aronovich,oaronovichi4@cyberchimps.com,6/17/2023,Goldenrod,Toyota,parturient montes nascetur ridiculus mus vivamus vestibulum sagittis sapien cum sociis natoque penatibus et
Jessamine,Buttfield,jbuttfieldi5@1688.com,4/8/2023,Maroon,Hyundai,penatibus et magnis dis parturient montes nascetur ridiculus mus vivamus vestibulum sagittis sapien cum sociis natoque penatibus
Ramsay,Wiseman,rwisemani6@elegantthemes.com,7/5/2023,Turquoise,Acura,posuere cubilia curae donec pharetra magna vestibulum aliquet ultrices erat tortor sollicitudin
Gregg,Aukland,gauklandi7@sciencedirect.com,6/6/2023,Khaki,GMC,id pretium iaculis diam erat fermentum justo nec condimentum neque sapien placerat
Modestine,Pero,mperoi8@mapquest.com,3/24/2023,Pink,Jaguar,eleifend pede libero quis orci nullam molestie nibh in lectus pellentesque at nulla suspendisse potenti cras
Bobbee,MacKintosh,bmackintoshi9@marketwatch.com,8/17/2023,Teal,Toyota,est et tempus semper est quam pharetra magna ac consequat metus sapien ut nunc
Thorny,Bartolomeu,tbartolomeuia@wisc.edu,8/8/2023,Crimson,Lexus,in sapien iaculis congue vivamus metus arcu adipiscing molestie hendrerit at vulputate vitae
Boote,Vost,bvostib@sphinn.com,1/16/2023,Blue,Saturn,quis orci nullam molestie nibh in lectus pellentesque at nulla
Sheba,MacVicar,smacvicaric@vinaora.com,4/15/2023,Puce,Nissan,dolor quis odio consequat varius integer ac leo pellentesque ultrices mattis odio donec vitae nisi nam ultrices libero non mattis
Talia,Camel,tcamelid@imgur.com,7/12/2023,Violet,Maserati,convallis morbi odio odio elementum eu interdum eu tincidunt in leo
Ally,Risby,arisbyie@guardian.co.uk,12/13/2022,Crimson,Toyota,parturient montes nascetur ridiculus mus vivamus vestibulum sagittis sapien cum sociis natoque penatibus et magnis dis
Michele,Drewell,mdrewellif@purevolume.com,12/24/2022,Blue,Pontiac,sed tincidunt eu felis fusce posuere felis sed lacus morbi sem mauris laoreet ut
Emmett,Camilleri,ecamilleriig@sogou.com,10/17/2022,Indigo,Chevrolet,imperdiet et commodo vulputate justo in blandit ultrices enim lorem ipsum dolor sit amet consectetuer adipiscing elit proin interdum mauris
Perry,Sinderland,psinderlandih@geocities.com,2/2/2023,Aquamarine,Acura,tellus in sagittis dui vel nisl duis ac nibh fusce lacus purus aliquet at feugiat non pretium quis lectus suspendisse
Wanda,Frowd,wfrowdii@freewebs.com,8/1/2023,Turquoise,Isuzu,duis aliquam convallis nunc proin at turpis a pede posuere nonummy integer non velit donec diam neque
Berne,McGeachey,bmcgeacheyij@netlog.com,10/17/2022,Goldenrod,Aston Martin,mauris vulputate elementum nullam varius nulla facilisi cras non velit nec nisi vulputate nonummy maecenas
Kynthia,Wincer,kwincerik@moonfruit.com,7/23/2023,Teal,Infiniti,nisi nam ultrices libero non mattis pulvinar nulla pede ullamcorper augue a suscipit
Dee dee,Billitteri,dbillitteriil@salon.com,10/24/2022,Orange,Chrysler,vestibulum ante ipsum primis in faucibus orci luctus et ultrices posuere cubilia curae mauris viverra diam vitae quam suspendisse potenti
Julietta,Aloway,jalowayim@china.com.cn,2/16/2023,Red,Pontiac,etiam justo etiam pretium iaculis justo in hac habitasse platea dictumst etiam faucibus cursus urna ut tellus nulla
Peder,Mathys,pmathysin@bing.com,3/26/2023,Fuscia,Mazda,interdum eu tincidunt in leo maecenas pulvinar lobortis est phasellus sit amet
Ritchie,Frantsev,rfrantsevio@foxnews.com,6/5/2023,Red,Ram,dis parturient montes nascetur ridiculus mus vivamus vestibulum sagittis sapien
Ingaberg,Pheazey,ipheazeyip@ehow.com,1/14/2023,Green,GMC,lobortis sapien sapien non mi integer ac neque duis bibendum morbi non quam nec dui luctus rutrum nulla
Darlene,Wagerfield,dwagerfieldiq@ucsd.edu,2/22/2023,Green,Infiniti,ac enim in tempor turpis nec euismod scelerisque quam turpis adipiscing lorem vitae mattis nibh ligula nec
Piper,Olohan,polohanir@163.com,5/10/2023,Crimson,Chevrolet,bibendum morbi non quam nec dui luctus rutrum nulla tellus in sagittis dui vel nisl duis ac nibh fusce lacus
Ulrike,MacCambridge,umaccambridgeis@liveinternet.ru,5/28/2023,Red,Toyota,vel est donec odio justo sollicitudin ut suscipit a feugiat
Juliane,Spirit,jspiritit@foxnews.com,6/25/2023,Goldenrod,Mazda,consequat metus sapien ut nunc vestibulum ante ipsum primis in faucibus
Kaye,Worvill,kworvilliu@smugmug.com,3/11/2023,Aquamarine,Mazda,dictumst morbi vestibulum velit id pretium iaculis diam erat fermentum justo nec
Merci,Bellam,mbellamiv@dailymotion.com,4/6/2023,Turquoise,GMC,ultrices enim lorem ipsum dolor sit amet consectetuer adipiscing elit proin interdum mauris non ligula pellentesque ultrices phasellus id
Loleta,Angood,langoodiw@hatena.ne.jp,5/12/2023,Mauv,Cadillac,erat id mauris vulputate elementum nullam varius nulla facilisi cras non velit nec nisi vulputate nonummy maecenas tincidunt lacus at
Sidnee,Kinkaid,skinkaidix@economist.com,9/21/2023,Fuscia,Mazda,vestibulum ante ipsum primis in faucibus orci luctus et ultrices posuere cubilia curae duis faucibus accumsan
Hurleigh,Weems,hweemsiy@quantcast.com,8/29/2023,Yellow,Mitsubishi,vestibulum sed magna at nunc commodo placerat praesent blandit nam nulla
Tonie,Pigram,tpigramiz@facebook.com,3/18/2023,Pink,Cadillac,nunc commodo placerat praesent blandit nam nulla integer pede justo lacinia eget tincidunt eget
Dallas,Hasker,dhaskerj0@marketwatch.com,6/29/2023,Yellow,Chevrolet,tortor duis mattis egestas metus aenean fermentum donec ut mauris
Ancell,Amyes,aamyesj1@ow.ly,11/11/2022,Fuscia,Dodge,eu interdum eu tincidunt in leo maecenas pulvinar lobortis est
Yolane,Fleury,yfleuryj2@nhs.uk,9/22/2023,Turquoise,Subaru,nullam sit amet turpis elementum ligula vehicula consequat morbi a ipsum integer a
Celestyna,Guidoni,cguidonij3@theatlantic.com,3/31/2023,Green,Hummer,est phasellus sit amet erat nulla tempus vivamus in felis eu sapien cursus vestibulum proin eu mi nulla ac
Fredia,Fehely,ffehelyj4@domainmarket.com,9/24/2023,Aquamarine,Daewoo,vestibulum ante ipsum primis in faucibus orci luctus et ultrices posuere cubilia curae mauris viverra
Rafaela,Jochen,rjochenj5@telegraph.co.uk,8/18/2023,Violet,Mercedes-Benz,vestibulum sagittis sapien cum sociis natoque penatibus et magnis dis parturient montes
Bud,Vagges,bvaggesj6@edublogs.org,8/15/2023,Indigo,Maybach,vel nulla eget eros elementum pellentesque quisque porta volutpat erat quisque
Tammy,Poschel,tposchelj7@addtoany.com,3/10/2023,Teal,Ferrari,nullam orci pede venenatis non sodales sed tincidunt eu felis fusce posuere felis sed lacus morbi
Ty,Warcop,twarcopj8@wiley.com,7/10/2023,Turquoise,Austin,faucibus orci luctus et ultrices posuere cubilia curae donec pharetra magna vestibulum
Clary,Cuffin,ccuffinj9@eventbrite.com,8/13/2023,Goldenrod,Buick,nec sem duis aliquam convallis nunc proin at turpis a pede posuere nonummy integer non velit donec diam neque vestibulum
Karl,Rentz,krentzja@uiuc.edu,6/15/2023,Mauv,Volkswagen,non mattis pulvinar nulla pede ullamcorper augue a suscipit nulla elit ac nulla sed vel
Judah,Staton,jstatonjb@salon.com,10/29/2022,Yellow,Mitsubishi,integer a nibh in quis justo maecenas rhoncus aliquam lacus morbi
Karisa,Monsey,kmonseyjc@google.nl,4/23/2023,Red,Buick,consectetuer adipiscing elit proin risus praesent lectus vestibulum quam sapien varius ut blandit non
Marena,Fullager,mfullagerjd@google.com.hk,4/25/2023,Red,Suzuki,ultrices vel augue vestibulum ante ipsum primis in faucibus orci luctus et ultrices posuere
Pip,Norvel,pnorvelje@weibo.com,5/31/2023,Blue,Ford,sapien placerat ante nulla justo aliquam quis turpis eget elit
Bayard,Rechert,brechertjf@google.com.br,1/6/2023,Green,Chrysler,montes nascetur ridiculus mus vivamus vestibulum sagittis sapien cum sociis natoque penatibus et magnis dis
Blinnie,Willeson,bwillesonjg@deliciousdays.com,11/3/2022,Indigo,Pontiac,enim sit amet nunc viverra dapibus nulla suscipit ligula in lacus curabitur at ipsum ac tellus semper interdum
Beale,Cowl,bcowljh@fastcompany.com,1/20/2023,Puce,Suzuki,sed tristique in tempus sit amet sem fusce consequat nulla nisl nunc nisl duis bibendum felis sed interdum
Neville,Billingham,nbillinghamji@ning.com,9/5/2023,Fuscia,Ford,nec euismod scelerisque quam turpis adipiscing lorem vitae mattis nibh ligula nec sem duis
Lanny,Spencley,lspencleyjj@flavors.me,10/12/2023,Pink,BMW,suspendisse ornare consequat lectus in est risus auctor sed tristique in
Richardo,Garvan,rgarvanjk@php.net,10/9/2023,Fuscia,Chrysler,ante ipsum primis in faucibus orci luctus et ultrices posuere cubilia curae donec pharetra magna
Grazia,Bratty,gbrattyjl@skyrock.com,7/29/2023,Maroon,GMC,vel est donec odio justo sollicitudin ut suscipit a feugiat et eros vestibulum ac est lacinia nisi venenatis tristique fusce
Inna,Littlekit,ilittlekitjm@live.com,7/2/2023,Mauv,Maserati,aliquet ultrices erat tortor sollicitudin mi sit amet lobortis sapien sapien non
Valentina,Diviney,vdivineyjn@hostgator.com,3/7/2023,Blue,Chevrolet,tellus nisi eu orci mauris lacinia sapien quis libero nullam sit amet turpis elementum
Marna,Coventry,mcoventryjo@friendfeed.com,11/28/2022,Blue,Dodge,sit amet diam in magna bibendum imperdiet nullam orci pede venenatis non sodales sed tincidunt eu felis fusce posuere felis
Christy,Bradnam,cbradnamjp@tinyurl.com,2/21/2023,Blue,GMC,in hac habitasse platea dictumst etiam faucibus cursus urna ut tellus nulla ut erat id
Norina,Brookbank,nbrookbankjq@flickr.com,6/29/2023,Orange,Mercedes-Benz,sapien arcu sed augue aliquam erat volutpat in congue etiam justo etiam pretium iaculis justo in
Leonanie,Thurlbourne,lthurlbournejr@wunderground.com,9/8/2023,Khaki,Bentley,eget vulputate ut ultrices vel augue vestibulum ante ipsum primis in faucibus orci luctus et
Trever,Maltman,tmaltmanjs@live.com,12/18/2022,Goldenrod,Hyundai,ultrices posuere cubilia curae mauris viverra diam vitae quam suspendisse potenti nullam porttitor
Tye,Childs,tchildsjt@netscape.com,1/21/2023,Pink,Pontiac,et ultrices posuere cubilia curae nulla dapibus dolor vel est donec odio justo sollicitudin ut suscipit a
Tamiko,Unthank,tunthankju@whitehouse.gov,7/16/2023,Fuscia,Ferrari,consequat ut nulla sed accumsan felis ut at dolor quis odio consequat varius integer ac leo pellentesque
Revkah,Kier,rkierjv@yellowbook.com,8/29/2023,Violet,Toyota,phasellus id sapien in sapien iaculis congue vivamus metus arcu adipiscing molestie hendrerit at vulputate vitae nisl aenean lectus pellentesque
Khalil,Bartelli,kbartellijw@intel.com,8/14/2023,Goldenrod,Ford,imperdiet nullam orci pede venenatis non sodales sed tincidunt eu felis fusce posuere felis sed lacus morbi sem mauris laoreet
Shaw,Suett,ssuettjx@icio.us,6/26/2023,Indigo,Volkswagen,leo odio porttitor id consequat in consequat ut nulla sed accumsan felis ut at dolor quis
Nonna,Withinshaw,nwithinshawjy@home.pl,10/13/2022,Crimson,Ford,cum sociis natoque penatibus et magnis dis parturient montes nascetur ridiculus
Avigdor,Drife,adrifejz@weather.com,3/4/2023,Pink,Saab,odio condimentum id luctus nec molestie sed justo pellentesque viverra pede ac diam
Wright,Allnatt,wallnattk0@usatoday.com,7/16/2023,Turquoise,Plymouth,aliquam lacus morbi quis tortor id nulla ultrices aliquet maecenas leo odio condimentum id luctus nec molestie
Pierette,Cristofor,pcristofork1@cbc.ca,6/28/2023,Mauv,Dodge,tortor quis turpis sed ante vivamus tortor duis mattis egestas metus aenean fermentum donec
Mel,Sille,msillek2@boston.com,4/14/2023,Turquoise,Lexus,nec euismod scelerisque quam turpis adipiscing lorem vitae mattis nibh ligula nec sem duis aliquam convallis nunc proin at
Rosalynd,Jery,rjeryk3@cyberchimps.com,4/10/2023,Khaki,Honda,rhoncus aliquet pulvinar sed nisl nunc rhoncus dui vel sem sed sagittis nam congue risus
Daffy,Malden,dmaldenk4@state.gov,11/18/2022,Yellow,Ford,arcu adipiscing molestie hendrerit at vulputate vitae nisl aenean lectus pellentesque eget nunc donec quis orci eget orci vehicula condimentum
Rex,Stoodale,rstoodalek5@stanford.edu,9/23/2023,Pink,Audi,dolor morbi vel lectus in quam fringilla rhoncus mauris enim leo rhoncus sed vestibulum sit
Kingsly,Chiplin,kchiplink6@moonfruit.com,3/15/2023,Purple,Lincoln,pulvinar sed nisl nunc rhoncus dui vel sem sed sagittis nam congue risus semper porta
Elston,Lunnon,elunnonk7@reuters.com,7/17/2023,Red,Holden,dui vel nisl duis ac nibh fusce lacus purus aliquet at feugiat non pretium quis lectus suspendisse
Casey,Balham,cbalhamk8@latimes.com,4/12/2023,Blue,Maybach,vestibulum eget vulputate ut ultrices vel augue vestibulum ante ipsum primis in faucibus orci
Tucker,Childrens,tchildrensk9@seattletimes.com,10/25/2022,Maroon,Volkswagen,felis donec semper sapien a libero nam dui proin leo odio porttitor id
Myra,Flintoffe,mflintoffeka@whitehouse.gov,8/8/2023,Crimson,Porsche,quis turpis eget elit sodales scelerisque mauris sit amet eros suspendisse accumsan tortor quis turpis sed ante vivamus tortor
Penny,De Ath,pdeathkb@t-online.de,11/13/2022,Teal,Mitsubishi,nisl nunc rhoncus dui vel sem sed sagittis nam congue risus semper porta
Ibrahim,Cotton,icottonkc@myspace.com,10/31/2022,Khaki,Chrysler,rutrum nulla nunc purus phasellus in felis donec semper sapien a libero
Base,Hearley,bhearleykd@ca.gov,6/4/2023,Crimson,Suzuki,id turpis integer aliquet massa id lobortis convallis tortor risus dapibus augue
Joelly,Charpin,jcharpinke@qq.com,5/6/2023,Teal,Volvo,venenatis non sodales sed tincidunt eu felis fusce posuere felis sed lacus morbi sem mauris laoreet ut rhoncus aliquet
Meggie,Brane,mbranekf@usatoday.com,11/21/2022,Khaki,Dodge,nullam molestie nibh in lectus pellentesque at nulla suspendisse potenti cras in purus eu
Thadeus,Destouche,tdestouchekg@dell.com,1/29/2023,Violet,Mitsubishi,aliquam lacus morbi quis tortor id nulla ultrices aliquet maecenas leo odio condimentum
Magdalen,Pettingall,mpettingallkh@about.com,5/6/2023,Crimson,Pontiac,volutpat quam pede lobortis ligula sit amet eleifend pede libero quis orci nullam molestie nibh in lectus pellentesque
Say,Donegan,sdoneganki@sitemeter.com,3/25/2023,Violet,BMW,ultrices posuere cubilia curae donec pharetra magna vestibulum aliquet ultrices
Conchita,Wayt,cwaytkj@prlog.org,10/20/2022,Aquamarine,Lincoln,tellus semper interdum mauris ullamcorper purus sit amet nulla quisque arcu libero rutrum
Daria,Pittman,dpittmankk@oaic.gov.au,7/1/2023,Green,Isuzu,purus phasellus in felis donec semper sapien a libero nam dui proin leo
Ephrayim,Wibberley,ewibberleykl@oakley.com,5/7/2023,Puce,Pontiac,tellus semper interdum mauris ullamcorper purus sit amet nulla quisque arcu libero rutrum ac lobortis vel dapibus at diam nam
Lewiss,Halden,lhaldenkm@prnewswire.com,10/29/2022,Fuscia,Cadillac,et ultrices posuere cubilia curae donec pharetra magna vestibulum aliquet ultrices erat tortor
Laurena,Chafer,lchaferkn@biglobe.ne.jp,5/24/2023,Mauv,Volkswagen,curabitur convallis duis consequat dui nec nisi volutpat eleifend donec ut dolor morbi vel lectus in
Giffard,Vinnicombe,gvinnicombeko@multiply.com,11/18/2022,Purple,GMC,lobortis ligula sit amet eleifend pede libero quis orci nullam molestie
Celka,Cubbit,ccubbitkp@accuweather.com,1/27/2023,Pink,Volkswagen,penatibus et magnis dis parturient montes nascetur ridiculus mus vivamus
Ardith,Pady,apadykq@nature.com,1/18/2023,Crimson,Pontiac,lectus pellentesque eget nunc donec quis orci eget orci vehicula condimentum curabitur
Ollie,Mulqueeny,omulqueenykr@answers.com,3/14/2023,Indigo,Lexus,adipiscing molestie hendrerit at vulputate vitae nisl aenean lectus pellentesque eget
Ondrea,Goodluck,ogoodluckks@paypal.com,1/11/2023,Khaki,Infiniti,et magnis dis parturient montes nascetur ridiculus mus vivamus vestibulum sagittis
Nesta,Garvie,ngarviekt@moonfruit.com,11/3/2022,Mauv,Audi,quam a odio in hac habitasse platea dictumst maecenas ut massa quis
Vivien,Kirrens,vkirrensku@sina.com.cn,3/31/2023,Maroon,Ford,morbi vel lectus in quam fringilla rhoncus mauris enim leo rhoncus sed
Sofia,Woodard,swoodardkv@dion.ne.jp,5/23/2023,Blue,Pontiac,amet consectetuer adipiscing elit proin interdum mauris non ligula pellentesque ultrices phasellus id sapien in sapien iaculis congue vivamus metus
Alana,Stolli,astollikw@xrea.com,1/29/2023,Khaki,Mercury,et magnis dis parturient montes nascetur ridiculus mus etiam vel augue vestibulum rutrum rutrum neque aenean auctor
Alfy,Sline,aslinekx@bloglines.com,8/13/2023,Red,GMC,aenean lectus pellentesque eget nunc donec quis orci eget orci vehicula condimentum curabitur in
Berri,Deetch,bdeetchky@huffingtonpost.com,1/16/2023,Red,Mitsubishi,tempus sit amet sem fusce consequat nulla nisl nunc nisl duis
Gypsy,Vasin,gvasinkz@comsenz.com,5/4/2023,Aquamarine,Toyota,nulla tellus in sagittis dui vel nisl duis ac nibh fusce lacus purus aliquet at feugiat non
Skylar,Raithbie,sraithbiel0@jigsy.com,8/19/2023,Mauv,Ford,odio porttitor id consequat in consequat ut nulla sed accumsan felis ut
Estrella,Dennert,edennertl1@gnu.org,11/27/2022,Mauv,Pontiac,elementum nullam varius nulla facilisi cras non velit nec nisi vulputate nonummy
Arnaldo,Waldie,awaldiel2@istockphoto.com,9/20/2023,Goldenrod,Suzuki,molestie sed justo pellentesque viverra pede ac diam cras pellentesque volutpat dui maecenas
Annabela,Prattin,aprattinl3@latimes.com,11/8/2022,Fuscia,Toyota,ut odio cras mi pede malesuada in imperdiet et commodo vulputate
Jacynth,Cornels,jcornelsl4@reddit.com,10/23/2022,Teal,Mitsubishi,maecenas rhoncus aliquam lacus morbi quis tortor id nulla ultrices
Barbette,Colliss,bcollissl5@squidoo.com,10/17/2022,Pink,Ford,erat curabitur gravida nisi at nibh in hac habitasse platea dictumst aliquam augue quam sollicitudin vitae consectetuer eget rutrum
Melisenda,Rimour,mrimourl6@indiatimes.com,3/19/2023,Fuscia,Mazda,at dolor quis odio consequat varius integer ac leo pellentesque ultrices mattis odio donec
Sterling,Axel,saxell7@wordpress.com,12/13/2022,Mauv,Lexus,rutrum nulla nunc purus phasellus in felis donec semper sapien a libero nam dui proin
Anallise,Outerbridge,aouterbridgel8@cdbaby.com,3/18/2023,Puce,Chrysler,augue a suscipit nulla elit ac nulla sed vel enim
Gaylor,Fletcher,gfletcherl9@squidoo.com,11/5/2022,Puce,Ford,nulla neque libero convallis eget eleifend luctus ultricies eu nibh quisque id justo sit
Regen,Brettel,rbrettella@infoseek.co.jp,1/30/2023,Khaki,Buick,purus aliquet at feugiat non pretium quis lectus suspendisse potenti in eleifend quam a odio
Alain,Danielsohn,adanielsohnlb@hud.gov,8/28/2023,Maroon,Ford,in hac habitasse platea dictumst etiam faucibus cursus urna ut tellus nulla ut erat id
Elvera,Chamley,echamleylc@printfriendly.com,3/1/2023,Blue,BMW,nascetur ridiculus mus etiam vel augue vestibulum rutrum rutrum neque aenean auctor gravida sem
Laurel,Cordeau,lcordeauld@wordpress.org,6/12/2023,Puce,Chevrolet,nulla mollis molestie lorem quisque ut erat curabitur gravida nisi at nibh in hac habitasse platea dictumst aliquam augue
Borg,Duetschens,bduetschensle@prnewswire.com,3/21/2023,Teal,Jaguar,metus sapien ut nunc vestibulum ante ipsum primis in faucibus orci luctus et ultrices posuere cubilia
Georgianna,Glaister,gglaisterlf@noaa.gov,3/29/2023,Khaki,Porsche,tristique est et tempus semper est quam pharetra magna ac consequat metus sapien ut nunc vestibulum ante ipsum primis
Jessie,Devil,jdevillg@is.gd,12/27/2022,Maroon,MINI,ligula in lacus curabitur at ipsum ac tellus semper interdum mauris ullamcorper purus
Harlin,Sealeaf,hsealeaflh@ifeng.com,9/10/2023,Maroon,Chevrolet,morbi vel lectus in quam fringilla rhoncus mauris enim leo rhoncus sed vestibulum sit amet cursus id turpis
Rebe,Bernhardi,rbernhardili@sbwire.com,10/5/2023,Khaki,Mitsubishi,mauris ullamcorper purus sit amet nulla quisque arcu libero rutrum ac lobortis vel dapibus at diam nam tristique tortor
Raimundo,Dougher,rdougherlj@virginia.edu,9/13/2023,Maroon,Mercedes-Benz,ut rhoncus aliquet pulvinar sed nisl nunc rhoncus dui vel sem sed sagittis nam congue risus
Whitney,Dunnan,wdunnanlk@blogs.com,11/20/2022,Turquoise,Hyundai,quis orci nullam molestie nibh in lectus pellentesque at nulla suspendisse potenti cras in purus eu magna vulputate luctus
Grace,Boynes,gboynesll@technorati.com,9/19/2023,Maroon,Buick,lectus pellentesque eget nunc donec quis orci eget orci vehicula condimentum
Othello,Dunsmore,odunsmorelm@usgs.gov,10/2/2023,Teal,Volkswagen,nullam varius nulla facilisi cras non velit nec nisi vulputate nonummy maecenas tincidunt lacus at velit vivamus vel nulla eget
Yoshi,Callum,ycallumln@va.gov,9/4/2023,Teal,Bentley,duis at velit eu est congue elementum in hac habitasse platea dictumst morbi vestibulum velit
Becka,Snozzwell,bsnozzwelllo@umn.edu,1/25/2023,Teal,Chevrolet,nulla suspendisse potenti cras in purus eu magna vulputate luctus cum sociis natoque
Barbi,Curwood,bcurwoodlp@wikispaces.com,2/12/2023,Crimson,Jaguar,lorem integer tincidunt ante vel ipsum praesent blandit lacinia erat vestibulum sed magna at nunc commodo placerat praesent
Katinka,Petrillo,kpetrillolq@ebay.com,4/14/2023,Fuscia,Mazda,magna ac consequat metus sapien ut nunc vestibulum ante ipsum primis in faucibus
Ema,Lashley,elashleylr@bloomberg.com,1/27/2023,Fuscia,Cadillac,posuere nonummy integer non velit donec diam neque vestibulum eget vulputate ut ultrices vel augue vestibulum
Christal,Daldan,cdaldanls@1und1.de,7/7/2023,Maroon,Nissan,facilisi cras non velit nec nisi vulputate nonummy maecenas tincidunt lacus at
Muire,Paulucci,mpauluccilt@smh.com.au,11/11/2022,Teal,Suzuki,nulla sed vel enim sit amet nunc viverra dapibus nulla
Sheba,Furphy,sfurphylu@desdev.cn,2/1/2023,Teal,GMC,magna at nunc commodo placerat praesent blandit nam nulla integer pede justo lacinia eget tincidunt eget tempus vel pede
Lulita,Brayfield,lbrayfieldlv@blog.com,3/8/2023,Red,Chrysler,vulputate ut ultrices vel augue vestibulum ante ipsum primis in faucibus orci
Tallulah,MacRury,tmacrurylw@stanford.edu,12/15/2022,Violet,Subaru,consequat morbi a ipsum integer a nibh in quis justo maecenas rhoncus aliquam lacus morbi
Ruthie,Forlong,rforlonglx@i2i.jp,10/12/2023,Maroon,Volvo,interdum in ante vestibulum ante ipsum primis in faucibus orci luctus et ultrices posuere cubilia curae duis faucibus
Foster,Leadley,fleadleyly@aol.com,6/7/2023,Teal,Jensen,vehicula condimentum curabitur in libero ut massa volutpat convallis morbi odio odio elementum eu
Yovonnda,Kenforth,ykenforthlz@businessweek.com,4/3/2023,Purple,Mazda,at velit vivamus vel nulla eget eros elementum pellentesque quisque porta volutpat erat quisque
Leland,Hammond,lhammondm0@about.com,1/27/2023,Goldenrod,Hyundai,in est risus auctor sed tristique in tempus sit amet
Welch,MacAllan,wmacallanm1@google.ru,10/3/2023,Red,Infiniti,ipsum integer a nibh in quis justo maecenas rhoncus aliquam lacus morbi quis tortor id nulla ultrices aliquet maecenas leo
Steffen,Melville,smelvillem2@pcworld.com,6/10/2023,Green,Chevrolet,morbi quis tortor id nulla ultrices aliquet maecenas leo odio condimentum id luctus nec molestie sed justo pellentesque viverra pede
Ariana,Coushe,acoushem3@dyndns.org,9/8/2023,Pink,Mercedes-Benz,enim in tempor turpis nec euismod scelerisque quam turpis adipiscing
Everard,Matitiaho,ematitiahom4@ustream.tv,4/12/2023,Violet,BMW,tincidunt eget tempus vel pede morbi porttitor lorem id ligula suspendisse ornare consequat lectus in est risus auctor
Lorain,Widdowes,lwiddowesm5@sphinn.com,4/21/2023,Orange,Acura,suscipit ligula in lacus curabitur at ipsum ac tellus semper interdum mauris ullamcorper purus sit amet
Dore,Muscat,dmuscatm6@google.com.hk,9/23/2023,Goldenrod,Porsche,lacus at velit vivamus vel nulla eget eros elementum pellentesque quisque porta volutpat erat quisque erat eros
Molli,Sebrook,msebrookm7@wordpress.com,9/30/2023,Goldenrod,Infiniti,consequat morbi a ipsum integer a nibh in quis justo maecenas rhoncus aliquam
Aubine,Michael,amichaelm8@pen.io,5/21/2023,Mauv,Chevrolet,tempus sit amet sem fusce consequat nulla nisl nunc nisl duis bibendum felis sed
Mattie,Goodridge,mgoodridgem9@feedburner.com,3/23/2023,Mauv,Volkswagen,suspendisse potenti cras in purus eu magna vulputate luctus cum sociis natoque penatibus et magnis dis parturient
Wini,Winterscale,wwinterscalema@globo.com,8/4/2023,Teal,Mercury,aliquam sit amet diam in magna bibendum imperdiet nullam orci pede venenatis non sodales
Corabel,Wadsworth,cwadsworthmb@bizjournals.com,7/5/2023,Pink,Hummer,duis at velit eu est congue elementum in hac habitasse platea dictumst morbi vestibulum velit id
Dannye,Maxstead,dmaxsteadmc@quantcast.com,1/8/2023,Fuscia,Honda,varius nulla facilisi cras non velit nec nisi vulputate nonummy
Rachael,Huddles,rhuddlesmd@google.co.uk,8/28/2023,Blue,Chrysler,augue vestibulum rutrum rutrum neque aenean auctor gravida sem praesent id massa id nisl venenatis lacinia
Adelina,Willatts,awillattsme@diigo.com,6/17/2023,Yellow,Ford,ut suscipit a feugiat et eros vestibulum ac est lacinia nisi venenatis tristique fusce
Phedra,Charlot,pcharlotmf@mapy.cz,12/15/2022,Turquoise,Lincoln,risus semper porta volutpat quam pede lobortis ligula sit amet eleifend pede libero quis
Velma,Davidovich,vdavidovichmg@sfgate.com,10/7/2023,Puce,Volkswagen,vestibulum aliquet ultrices erat tortor sollicitudin mi sit amet lobortis sapien sapien non mi integer ac neque duis bibendum
Emmalyn,De Matteis,edematteismh@ask.com,11/16/2022,Puce,Subaru,iaculis diam erat fermentum justo nec condimentum neque sapien placerat ante nulla justo aliquam quis turpis
Brady,Edward,bedwardmi@mapquest.com,4/4/2023,Green,Ferrari,non velit donec diam neque vestibulum eget vulputate ut ultrices vel augue
Fredra,Lownes,flownesmj@google.com,10/2/2023,Yellow,Pontiac,libero rutrum ac lobortis vel dapibus at diam nam tristique
Adorne,Tommen,atommenmk@ocn.ne.jp,6/4/2023,Indigo,Mercury,quam nec dui luctus rutrum nulla tellus in sagittis dui
Erastus,Hamnett,ehamnettml@latimes.com,9/20/2023,Blue,Chevrolet,vestibulum ante ipsum primis in faucibus orci luctus et ultrices posuere cubilia
Merrill,Jerman,mjermanmm@alexa.com,2/1/2023,Green,Ford,lorem ipsum dolor sit amet consectetuer adipiscing elit proin interdum mauris non ligula pellentesque
Drona,Rayne,draynemn@meetup.com,5/17/2023,Aquamarine,Infiniti,ut mauris eget massa tempor convallis nulla neque libero convallis eget eleifend luctus ultricies eu
Sherlock,Matthai,smatthaimo@mapy.cz,12/11/2022,Turquoise,BMW,at feugiat non pretium quis lectus suspendisse potenti in eleifend quam a odio in hac habitasse platea dictumst
Jorge,Biner,jbinermp@linkedin.com,11/13/2022,Fuscia,Mitsubishi,ut mauris eget massa tempor convallis nulla neque libero convallis eget eleifend luctus ultricies
Webb,Chable,wchablemq@sakura.ne.jp,4/8/2023,Khaki,Chevrolet,ante ipsum primis in faucibus orci luctus et ultrices posuere cubilia curae duis faucibus
Kaiser,Jime,kjimemr@oakley.com,5/17/2023,Red,Pontiac,sapien sapien non mi integer ac neque duis bibendum morbi non quam nec dui luctus rutrum nulla tellus in sagittis
Jelene,Kemmish,jkemmishms@home.pl,10/3/2023,Indigo,Chevrolet,ultrices phasellus id sapien in sapien iaculis congue vivamus metus arcu adipiscing molestie hendrerit at vulputate vitae nisl aenean
Austine,Cuckson,acucksonmt@twitpic.com,8/28/2023,Crimson,GMC,dis parturient montes nascetur ridiculus mus etiam vel augue vestibulum rutrum rutrum neque
Hodge,Ellingham,hellinghammu@trellian.com,11/21/2022,Indigo,Mitsubishi,vestibulum ante ipsum primis in faucibus orci luctus et ultrices posuere cubilia curae nulla
Peirce,Serot,pserotmv@disqus.com,8/16/2023,Indigo,Dodge,non sodales sed tincidunt eu felis fusce posuere felis sed lacus morbi sem mauris laoreet ut rhoncus
Elwira,Blanpein,eblanpeinmw@spiegel.de,3/3/2023,Pink,Mercury,sed magna at nunc commodo placerat praesent blandit nam nulla integer pede justo
Joelynn,Pleasaunce,jpleasauncemx@etsy.com,4/17/2023,Indigo,Mercedes-Benz,convallis morbi odio odio elementum eu interdum eu tincidunt in leo
Imogene,Charlin,icharlinmy@mit.edu,12/24/2022,Maroon,Ford,sapien cursus vestibulum proin eu mi nulla ac enim in tempor turpis nec euismod scelerisque
Miran,Latchmore,mlatchmoremz@freewebs.com,6/1/2023,Khaki,Pontiac,lorem integer tincidunt ante vel ipsum praesent blandit lacinia erat vestibulum sed magna at
Daisy,Zanassi,dzanassin0@guardian.co.uk,12/19/2022,Violet,Chevrolet,dignissim vestibulum vestibulum ante ipsum primis in faucibus orci luctus et ultrices posuere cubilia curae nulla dapibus dolor vel est
Stafford,Caplis,scaplisn1@google.com.au,1/30/2023,Red,Buick,suspendisse potenti nullam porttitor lacus at turpis donec posuere metus vitae ipsum aliquam non mauris morbi non
Robbie,Guilfoyle,rguilfoylen2@wired.com,12/10/2022,Yellow,Chevrolet,felis sed interdum venenatis turpis enim blandit mi in porttitor pede justo eu
Bartram,Bahde,bbahden3@cam.ac.uk,11/22/2022,Crimson,Mercury,tempus sit amet sem fusce consequat nulla nisl nunc nisl duis bibendum felis sed interdum
Goldy,Orrom,gorromn4@youtube.com,1/23/2023,Goldenrod,Oldsmobile,sit amet eleifend pede libero quis orci nullam molestie nibh in lectus pellentesque
Euphemia,Brimmell,ebrimmelln5@samsung.com,10/31/2022,Mauv,Mazda,odio donec vitae nisi nam ultrices libero non mattis pulvinar nulla pede
Aguie,Byatt,abyattn6@examiner.com,7/14/2023,Purple,Mercedes-Benz,massa id nisl venenatis lacinia aenean sit amet justo morbi ut odio cras mi pede malesuada in imperdiet et commodo
Mavis,Frizzell,mfrizzelln7@google.fr,11/27/2022,Goldenrod,Land Rover,sociis natoque penatibus et magnis dis parturient montes nascetur ridiculus mus vivamus vestibulum sagittis sapien
Natalie,Ravenshaw,nravenshawn8@ycombinator.com,4/13/2023,Violet,Lexus,accumsan odio curabitur convallis duis consequat dui nec nisi volutpat eleifend donec ut dolor
Sybille,Twyford,stwyfordn9@artisteer.com,12/21/2022,Goldenrod,Toyota,pede justo eu massa donec dapibus duis at velit eu est congue elementum in hac habitasse platea
Sterling,Tolmie,stolmiena@admin.ch,12/15/2022,Yellow,Oldsmobile,in blandit ultrices enim lorem ipsum dolor sit amet consectetuer
Brucie,Shackle,bshacklenb@samsung.com,10/1/2023,Khaki,Ford,amet nunc viverra dapibus nulla suscipit ligula in lacus curabitur at ipsum ac tellus semper interdum mauris
Olive,Gawne,ogawnenc@dailymail.co.uk,2/22/2023,Purple,Honda,sagittis sapien cum sociis natoque penatibus et magnis dis parturient montes nascetur ridiculus
Meaghan,Fluit,mfluitnd@mail.ru,10/11/2023,Red,Audi,erat volutpat in congue etiam justo etiam pretium iaculis justo in
Dusty,Gadeaux,dgadeauxne@princeton.edu,4/6/2023,Fuscia,Suzuki,blandit mi in porttitor pede justo eu massa donec dapibus duis at velit eu est
Christye,Kelf,ckelfnf@netvibes.com,5/25/2023,Pink,Bentley,parturient montes nascetur ridiculus mus etiam vel augue vestibulum rutrum rutrum neque aenean auctor gravida sem praesent id
Genna,Necrews,gnecrewsng@cornell.edu,12/9/2022,Turquoise,Honda,euismod scelerisque quam turpis adipiscing lorem vitae mattis nibh ligula nec sem duis aliquam
Krishna,Otteridge,kotteridgenh@barnesandnoble.com,10/24/2022,Turquoise,Dodge,vestibulum proin eu mi nulla ac enim in tempor turpis nec euismod scelerisque quam turpis adipiscing lorem
Mace,Mincini,mmincinini@ucsd.edu,5/13/2023,Aquamarine,Scion,ullamcorper purus sit amet nulla quisque arcu libero rutrum ac lobortis vel dapibus at diam nam tristique
Cleopatra,MacCrachen,cmaccrachennj@marketwatch.com,6/27/2023,Maroon,Mitsubishi,cras non velit nec nisi vulputate nonummy maecenas tincidunt lacus at velit
Devon,Vanyarkin,dvanyarkinnk@toplist.cz,7/30/2023,Goldenrod,Mercury,ut volutpat sapien arcu sed augue aliquam erat volutpat in congue etiam justo etiam pretium iaculis justo
Carlen,Cardno,ccardnonl@google.pl,10/24/2022,Indigo,Suzuki,nibh in lectus pellentesque at nulla suspendisse potenti cras in purus eu magna vulputate luctus cum sociis natoque
Tally,Pirozzi,tpirozzinm@jimdo.com,11/26/2022,Violet,Dodge,turpis donec posuere metus vitae ipsum aliquam non mauris morbi non lectus aliquam sit amet diam in magna
Hiram,Flockhart,hflockhartnn@yelp.com,4/19/2023,Fuscia,Nissan,nascetur ridiculus mus etiam vel augue vestibulum rutrum rutrum neque aenean auctor gravida sem praesent id massa id nisl venenatis
Jed,Vasiliu,jvasiliuno@squidoo.com,3/25/2023,Green,Honda,morbi ut odio cras mi pede malesuada in imperdiet et commodo vulputate justo in
Prudi,Joffe,pjoffenp@qq.com,12/22/2022,Green,Mitsubishi,feugiat non pretium quis lectus suspendisse potenti in eleifend quam a odio in hac
Alick,Simla,asimlanq@mapy.cz,8/10/2023,Yellow,Nissan,eget eros elementum pellentesque quisque porta volutpat erat quisque erat eros
Ashleigh,McFadyen,amcfadyennr@berkeley.edu,8/23/2023,Violet,Mercury,est quam pharetra magna ac consequat metus sapien ut nunc vestibulum ante ipsum primis in faucibus orci luctus
Hamilton,Radborn,hradbornns@tumblr.com,4/13/2023,Teal,Chevrolet,ipsum integer a nibh in quis justo maecenas rhoncus aliquam lacus morbi quis tortor id nulla ultrices aliquet maecenas
Abey,Jefford,ajeffordnt@cargocollective.com,6/22/2023,Pink,Dodge,semper rutrum nulla nunc purus phasellus in felis donec semper sapien a libero nam dui proin leo
Whitney,Ludovico,wludoviconu@bandcamp.com,1/24/2023,Turquoise,Mercedes-Benz,odio elementum eu interdum eu tincidunt in leo maecenas pulvinar lobortis est phasellus sit amet erat nulla
Russ,O'Sharkey,rosharkeynv@toplist.cz,12/17/2022,Puce,Land Rover,posuere nonummy integer non velit donec diam neque vestibulum eget vulputate ut ultrices vel augue vestibulum ante ipsum primis in
Mattie,Guterson,mgutersonnw@last.fm,2/15/2023,Red,GMC,erat volutpat in congue etiam justo etiam pretium iaculis justo in
Dodi,Elan,delannx@csmonitor.com,3/25/2023,Khaki,Toyota,sit amet justo morbi ut odio cras mi pede malesuada in imperdiet et commodo
Maison,Cauley,mcauleyny@hubpages.com,9/18/2023,Aquamarine,Ford,duis faucibus accumsan odio curabitur convallis duis consequat dui nec nisi
Karil,Spada,kspadanz@privacy.gov.au,1/29/2023,Mauv,Audi,scelerisque mauris sit amet eros suspendisse accumsan tortor quis turpis sed ante vivamus
Clive,Hegge,cheggeo0@stumbleupon.com,11/19/2022,Indigo,Mercedes-Benz,curae donec pharetra magna vestibulum aliquet ultrices erat tortor sollicitudin mi sit
Kyle,Mynard,kmynardo1@dyndns.org,4/18/2023,Crimson,Isuzu,nulla suscipit ligula in lacus curabitur at ipsum ac tellus
Barrie,Sprules,bspruleso2@gravatar.com,1/21/2023,Fuscia,Hyundai,sollicitudin mi sit amet lobortis sapien sapien non mi integer ac neque duis bibendum morbi
Sigismundo,January,sjanuaryo3@sogou.com,10/6/2023,Yellow,Land Rover,felis eu sapien cursus vestibulum proin eu mi nulla ac enim in tempor turpis nec euismod scelerisque quam
Gerhardt,Springford,gspringfordo4@amazonaws.com,10/6/2023,Blue,GMC,libero nam dui proin leo odio porttitor id consequat in consequat ut nulla sed accumsan felis ut at dolor
Rozalin,Seaborne,rseaborneo5@twitpic.com,12/10/2022,Turquoise,Infiniti,fermentum justo nec condimentum neque sapien placerat ante nulla justo aliquam quis
Forbes,Rennison,frennisono6@npr.org,10/9/2023,Violet,Suzuki,platea dictumst etiam faucibus cursus urna ut tellus nulla ut erat id mauris vulputate elementum nullam varius nulla facilisi cras
Bartholomeo,Elven,belveno7@eventbrite.com,2/4/2023,Crimson,Nissan,quisque erat eros viverra eget congue eget semper rutrum nulla
Sula,Dankov,sdankovo8@google.com,5/20/2023,Pink,Lincoln,mauris ullamcorper purus sit amet nulla quisque arcu libero rutrum ac lobortis vel dapibus at diam nam
Drucill,McGuffie,dmcguffieo9@hugedomains.com,6/1/2023,Goldenrod,Toyota,velit eu est congue elementum in hac habitasse platea dictumst morbi vestibulum velit id
Vladimir,Sansom,vsansomoa@amazon.co.uk,1/21/2023,Indigo,Kia,in quam fringilla rhoncus mauris enim leo rhoncus sed vestibulum sit amet cursus id
Vina,Dumper,vdumperob@sfgate.com,8/4/2023,Yellow,GMC,nisl aenean lectus pellentesque eget nunc donec quis orci eget orci vehicula
Nolan,Stamp,nstampoc@dagondesign.com,7/19/2023,Puce,Toyota,scelerisque mauris sit amet eros suspendisse accumsan tortor quis turpis sed ante vivamus tortor
Crysta,Weall,cweallod@sourceforge.net,1/2/2023,Puce,Lotus,ut nulla sed accumsan felis ut at dolor quis odio consequat varius integer
Blinni,McCaughran,bmccaughranoe@ustream.tv,3/19/2023,Turquoise,Mazda,gravida sem praesent id massa id nisl venenatis lacinia aenean sit amet justo morbi ut odio
Fidela,Goalley,fgoalleyof@webmd.com,1/4/2023,Blue,Mitsubishi,ac diam cras pellentesque volutpat dui maecenas tristique est et tempus semper est quam pharetra magna
Leonie,Tavinor,ltavinorog@uiuc.edu,3/25/2023,Purple,Toyota,ac nulla sed vel enim sit amet nunc viverra dapibus nulla suscipit ligula in lacus curabitur at ipsum ac
Liliane,Gehring,lgehringoh@nymag.com,1/11/2023,Purple,Audi,libero non mattis pulvinar nulla pede ullamcorper augue a suscipit nulla elit ac nulla sed vel enim
Winnie,Moodey,wmoodeyoi@goo.gl,3/14/2023,Yellow,Lexus,ac neque duis bibendum morbi non quam nec dui luctus rutrum nulla tellus in sagittis dui vel nisl duis
Micheil,Gerding,mgerdingoj@booking.com,4/21/2023,Pink,Buick,cum sociis natoque penatibus et magnis dis parturient montes nascetur ridiculus mus vivamus vestibulum sagittis sapien
Fara,Derbyshire,fderbyshireok@w3.org,11/9/2022,Teal,Bentley,lectus pellentesque eget nunc donec quis orci eget orci vehicula condimentum curabitur in libero ut massa volutpat convallis morbi odio
Minnnie,Bawle,mbawleol@addtoany.com,7/26/2023,Crimson,Dodge,nisi at nibh in hac habitasse platea dictumst aliquam augue quam
Cilka,Doghartie,cdoghartieom@topsy.com,8/6/2023,Teal,Bentley,nam nulla integer pede justo lacinia eget tincidunt eget tempus vel pede morbi porttitor lorem id
Susana,Judkins,sjudkinson@admin.ch,12/27/2022,Goldenrod,Ford,nisi vulputate nonummy maecenas tincidunt lacus at velit vivamus vel nulla eget eros elementum
Rebecka,Lusher,rlusheroo@barnesandnoble.com,1/10/2023,Purple,Hummer,nam ultrices libero non mattis pulvinar nulla pede ullamcorper augue a suscipit nulla elit ac nulla sed
Sampson,Welbelove,swelbeloveop@smugmug.com,3/29/2023,Aquamarine,Porsche,pharetra magna vestibulum aliquet ultrices erat tortor sollicitudin mi sit amet lobortis sapien sapien non mi integer ac neque
Merridie,Duggan,mdugganoq@youtu.be,3/26/2023,Teal,Mercedes-Benz,vehicula consequat morbi a ipsum integer a nibh in quis
Reinold,Spittall,rspittallor@wix.com,10/27/2022,Khaki,Mazda,leo maecenas pulvinar lobortis est phasellus sit amet erat nulla tempus vivamus in felis eu sapien cursus
Alair,Dahmel,adahmelos@nih.gov,11/10/2022,Goldenrod,Chevrolet,vitae nisl aenean lectus pellentesque eget nunc donec quis orci eget
Celestine,Suche,csucheot@myspace.com,12/4/2022,Orange,Mitsubishi,ac neque duis bibendum morbi non quam nec dui luctus rutrum nulla tellus in sagittis dui vel nisl duis
Reinaldos,Beauly,rbeaulyou@homestead.com,5/19/2023,Red,Nissan,ac nibh fusce lacus purus aliquet at feugiat non pretium quis lectus suspendisse potenti in eleifend
Adria,Mioni,amioniov@instagram.com,2/11/2023,Mauv,Acura,sed sagittis nam congue risus semper porta volutpat quam pede lobortis ligula sit amet eleifend pede
Cynde,Ellerbeck,cellerbeckow@facebook.com,11/10/2022,Turquoise,Ford,nulla neque libero convallis eget eleifend luctus ultricies eu nibh quisque
Amelie,Goodyer,agoodyerox@nps.gov,4/21/2023,Pink,Ford,suscipit ligula in lacus curabitur at ipsum ac tellus semper interdum mauris ullamcorper purus sit
Graham,Durbridge,gdurbridgeoy@mlb.com,11/29/2022,Yellow,Nissan,rhoncus sed vestibulum sit amet cursus id turpis integer aliquet massa id lobortis convallis tortor risus dapibus augue vel
Ado,O'Nolan,aonolanoz@kickstarter.com,3/24/2023,Violet,BMW,ultrices aliquet maecenas leo odio condimentum id luctus nec molestie
Garrot,Ferri,gferrip0@hibu.com,9/10/2023,Pink,Maserati,adipiscing molestie hendrerit at vulputate vitae nisl aenean lectus pellentesque eget nunc
Liza,Thewlis,lthewlisp1@sun.com,12/13/2022,Yellow,Ford,sagittis dui vel nisl duis ac nibh fusce lacus purus aliquet at feugiat non pretium quis lectus suspendisse
Jess,Cheese,jcheesep2@homestead.com,4/16/2023,Teal,Mercedes-Benz,lobortis est phasellus sit amet erat nulla tempus vivamus in felis eu sapien cursus vestibulum proin
Glyn,Crossdale,gcrossdalep3@yellowpages.com,1/24/2023,Goldenrod,Mazda,nunc rhoncus dui vel sem sed sagittis nam congue risus semper porta volutpat
Laure,Chattaway,lchattawayp4@huffingtonpost.com,12/15/2022,Fuscia,Dodge,vel est donec odio justo sollicitudin ut suscipit a feugiat et eros vestibulum ac est lacinia nisi venenatis
Yevette,Laybourn,ylaybournp5@cbc.ca,7/29/2023,Orange,GMC,purus sit amet nulla quisque arcu libero rutrum ac lobortis vel dapibus at diam nam tristique tortor eu
Liza,Orteau,lorteaup6@hao123.com,8/28/2023,Indigo,GMC,tempor convallis nulla neque libero convallis eget eleifend luctus ultricies eu nibh quisque id justo sit
Ranice,Chimenti,rchimentip7@hud.gov,9/11/2023,Indigo,Chrysler,neque sapien placerat ante nulla justo aliquam quis turpis eget elit sodales scelerisque
Darb,Baildon,dbaildonp8@google.es,9/1/2023,Orange,Volvo,nunc commodo placerat praesent blandit nam nulla integer pede justo lacinia
Kermy,Casarili,kcasarilip9@biblegateway.com,2/23/2023,Turquoise,MINI,lectus aliquam sit amet diam in magna bibendum imperdiet nullam orci pede venenatis non sodales sed tincidunt eu felis
Xenia,Glass,xglasspa@independent.co.uk,3/1/2023,Blue,Toyota,dictumst aliquam augue quam sollicitudin vitae consectetuer eget rutrum at lorem integer tincidunt ante vel ipsum praesent blandit lacinia erat
Demeter,Le Fleming,dleflemingpb@nytimes.com,10/29/2022,Maroon,Mercury,ac diam cras pellentesque volutpat dui maecenas tristique est et
Kev,Wynes,kwynespc@ask.com,11/10/2022,Fuscia,Audi,elementum in hac habitasse platea dictumst morbi vestibulum velit id pretium iaculis diam erat fermentum justo nec condimentum neque
Genna,Dorkins,gdorkinspd@ask.com,8/15/2023,Puce,Mazda,a suscipit nulla elit ac nulla sed vel enim sit
Andee,O'Hartagan,aohartaganpe@jalbum.net,3/2/2023,Maroon,Chrysler,eleifend donec ut dolor morbi vel lectus in quam fringilla rhoncus mauris enim leo rhoncus sed vestibulum sit amet cursus
Tyler,Shakesby,tshakesbypf@craigslist.org,5/5/2023,Blue,Dodge,viverra diam vitae quam suspendisse potenti nullam porttitor lacus at turpis donec posuere metus vitae ipsum aliquam non
Gordon,Teasdale-Markie,gteasdalemarkiepg@discovery.com,1/3/2023,Orange,Porsche,sem praesent id massa id nisl venenatis lacinia aenean sit amet justo morbi ut odio cras mi pede malesuada
Tilly,Plain,tplainph@dyndns.org,9/24/2023,Red,Subaru,rhoncus mauris enim leo rhoncus sed vestibulum sit amet cursus id
Tabby,Manilow,tmanilowpi@linkedin.com,6/27/2023,Khaki,Hyundai,faucibus orci luctus et ultrices posuere cubilia curae donec pharetra magna vestibulum aliquet ultrices erat tortor sollicitudin mi
Raven,Skedge,rskedgepj@jigsy.com,2/2/2023,Khaki,Hyundai,nam nulla integer pede justo lacinia eget tincidunt eget tempus vel pede morbi porttitor lorem id ligula suspendisse ornare
Glen,Jennemann,gjennemannpk@ca.gov,12/14/2022,Goldenrod,BMW,libero nullam sit amet turpis elementum ligula vehicula consequat morbi a ipsum integer a nibh in
Giavani,Wigsell,gwigsellpl@list-manage.com,6/25/2023,Red,GMC,nec nisi vulputate nonummy maecenas tincidunt lacus at velit vivamus vel nulla eget eros elementum pellentesque quisque porta
Callie,Channer,cchannerpm@jimdo.com,7/25/2023,Pink,Pontiac,interdum mauris ullamcorper purus sit amet nulla quisque arcu libero rutrum ac lobortis vel dapibus at diam nam tristique
Angie,Paladini,apaladinipn@si.edu,10/28/2022,Aquamarine,Suzuki,duis bibendum felis sed interdum venenatis turpis enim blandit mi in
Tiphany,Deneve,tdenevepo@hud.gov,7/5/2023,Khaki,Acura,commodo placerat praesent blandit nam nulla integer pede justo lacinia eget tincidunt eget
Jeremiah,Walles,jwallespp@woothemes.com,10/17/2022,Pink,Isuzu,vehicula consequat morbi a ipsum integer a nibh in quis justo maecenas rhoncus aliquam lacus morbi
Benedetta,Abercrombie,babercrombiepq@webeden.co.uk,5/9/2023,Blue,Nissan,pellentesque ultrices mattis odio donec vitae nisi nam ultrices libero non mattis pulvinar nulla pede
Chiquia,Rawling,crawlingpr@cbsnews.com,11/18/2022,Orange,Cadillac,lorem ipsum dolor sit amet consectetuer adipiscing elit proin interdum mauris non ligula pellentesque ultrices phasellus id sapien in
Serena,Balmann,sbalmannps@yellowpages.com,8/10/2023,Orange,Jaguar,lobortis ligula sit amet eleifend pede libero quis orci nullam
Towny,Verbrugge,tverbruggept@adobe.com,1/9/2023,Mauv,Mazda,ultrices posuere cubilia curae duis faucibus accumsan odio curabitur convallis duis consequat
Barry,Barns,bbarnspu@smugmug.com,4/14/2023,Maroon,Land Rover,tristique in tempus sit amet sem fusce consequat nulla nisl
Petey,Birtchnell,pbirtchnellpv@google.de,8/26/2023,Goldenrod,Rolls-Royce,nulla mollis molestie lorem quisque ut erat curabitur gravida nisi at
Mitchell,Axston,maxstonpw@arizona.edu,9/15/2023,Goldenrod,Nissan,maecenas tincidunt lacus at velit vivamus vel nulla eget eros elementum pellentesque quisque porta
Booth,Ranstead,bransteadpx@state.gov,5/31/2023,Purple,Toyota,duis bibendum felis sed interdum venenatis turpis enim blandit mi in porttitor pede
Tobey,Applin,tapplinpy@census.gov,3/12/2023,Goldenrod,GMC,laoreet ut rhoncus aliquet pulvinar sed nisl nunc rhoncus dui vel sem sed
Ernst,Ebbrell,eebbrellpz@ning.com,3/1/2023,Aquamarine,Mazda,eleifend luctus ultricies eu nibh quisque id justo sit amet sapien dignissim vestibulum vestibulum ante ipsum primis in faucibus orci
Noelani,Stienton,nstientonq0@dion.ne.jp,6/9/2023,Pink,GMC,potenti cras in purus eu magna vulputate luctus cum sociis natoque penatibus
Margret,Shorton,mshortonq1@google.ca,11/15/2022,Green,Ford,luctus cum sociis natoque penatibus et magnis dis parturient montes nascetur ridiculus mus vivamus vestibulum sagittis sapien cum sociis natoque
Eugenius,Toten,etotenq2@posterous.com,9/5/2023,Violet,Pontiac,velit id pretium iaculis diam erat fermentum justo nec condimentum
Ad,Maletratt,amaletrattq3@sphinn.com,8/27/2023,Crimson,Suzuki,morbi non quam nec dui luctus rutrum nulla tellus in sagittis dui
Willis,Jacquemet,wjacquemetq4@cloudflare.com,4/19/2023,Khaki,Pontiac,enim in tempor turpis nec euismod scelerisque quam turpis adipiscing lorem vitae mattis nibh ligula nec sem
Babette,Lampel,blampelq5@wufoo.com,10/21/2022,Violet,Pontiac,adipiscing elit proin risus praesent lectus vestibulum quam sapien varius ut blandit non interdum in ante
Ailyn,Messer,amesserq6@trellian.com,4/10/2023,Violet,Dodge,aenean sit amet justo morbi ut odio cras mi pede malesuada in imperdiet
Trudie,Staker,tstakerq7@wikispaces.com,11/2/2022,Red,Mitsubishi,nullam porttitor lacus at turpis donec posuere metus vitae ipsum aliquam non
Jarred,Basketter,jbasketterq8@washington.edu,10/19/2022,Violet,Jeep,orci pede venenatis non sodales sed tincidunt eu felis fusce posuere felis sed lacus morbi sem
Drusy,Matous,dmatousq9@indiatimes.com,8/20/2023,Teal,Volkswagen,id ligula suspendisse ornare consequat lectus in est risus auctor sed tristique in tempus sit amet sem
Vivi,Cresser,vcresserqa@ocn.ne.jp,1/15/2023,Crimson,Nissan,lorem ipsum dolor sit amet consectetuer adipiscing elit proin risus praesent lectus vestibulum quam sapien
Gardy,Emslie,gemslieqb@eepurl.com,1/18/2023,Crimson,GMC,vestibulum vestibulum ante ipsum primis in faucibus orci luctus et ultrices posuere cubilia curae nulla dapibus
Rodolfo,Vondrys,rvondrysqc@blogspot.com,9/19/2023,Fuscia,Land Rover,vestibulum ante ipsum primis in faucibus orci luctus et ultrices posuere
Gilbertina,Ruspine,gruspineqd@ucla.edu,6/7/2023,Violet,Toyota,eget vulputate ut ultrices vel augue vestibulum ante ipsum primis in faucibus orci luctus et ultrices posuere cubilia curae
Will,Maydwell,wmaydwellqe@bloglovin.com,3/29/2023,Fuscia,Honda,volutpat sapien arcu sed augue aliquam erat volutpat in congue etiam justo etiam pretium iaculis
Gaspar,Daymond,gdaymondqf@symantec.com,1/7/2023,Violet,Infiniti,proin risus praesent lectus vestibulum quam sapien varius ut blandit non
Channa,Kenrack,ckenrackqg@goodreads.com,6/10/2023,Crimson,Dodge,in magna bibendum imperdiet nullam orci pede venenatis non sodales sed tincidunt eu felis fusce posuere felis sed lacus morbi
Aloysius,Del Checolo,adelchecoloqh@walmart.com,4/25/2023,Khaki,Toyota,lectus vestibulum quam sapien varius ut blandit non interdum in ante
Olenka,Rawlison,orawlisonqi@etsy.com,1/23/2023,Green,Ford,nullam molestie nibh in lectus pellentesque at nulla suspendisse potenti cras in purus eu magna vulputate luctus
Kaela,Wrenn,kwrennqj@alibaba.com,3/25/2023,Khaki,Subaru,mattis odio donec vitae nisi nam ultrices libero non mattis pulvinar nulla pede ullamcorper
Cathryn,Orrobin,corrobinqk@ca.gov,5/31/2023,Mauv,Chevrolet,congue vivamus metus arcu adipiscing molestie hendrerit at vulputate vitae nisl aenean lectus pellentesque eget nunc donec quis orci eget
Lowe,Clowney,lclowneyql@mayoclinic.com,8/11/2023,Puce,Pontiac,iaculis congue vivamus metus arcu adipiscing molestie hendrerit at vulputate vitae nisl aenean lectus pellentesque eget nunc
Celinda,Beale,cbealeqm@bbc.co.uk,9/25/2023,Maroon,Isuzu,nullam varius nulla facilisi cras non velit nec nisi vulputate
Milka,Rydzynski,mrydzynskiqn@adobe.com,10/26/2022,Maroon,Ford,amet consectetuer adipiscing elit proin risus praesent lectus vestibulum quam sapien varius ut blandit
Eli,Mallya,emallyaqo@epa.gov,2/24/2023,Mauv,Oldsmobile,imperdiet nullam orci pede venenatis non sodales sed tincidunt eu felis fusce posuere felis
Hagen,Mackie,hmackieqp@goo.gl,1/9/2023,Goldenrod,Ford,faucibus accumsan odio curabitur convallis duis consequat dui nec nisi volutpat eleifend donec ut dolor morbi vel lectus
Gerty,Jeannet,gjeannetqq@microsoft.com,7/14/2023,Fuscia,Honda,eu est congue elementum in hac habitasse platea dictumst morbi vestibulum velit id pretium iaculis diam
Andrey,Gravestone,agravestoneqr@nyu.edu,2/2/2023,Indigo,BMW,enim leo rhoncus sed vestibulum sit amet cursus id turpis
Deeann,Sonley,dsonleyqs@apple.com,5/1/2023,Orange,Suzuki,ligula vehicula consequat morbi a ipsum integer a nibh in quis justo maecenas rhoncus aliquam lacus morbi
Suellen,Pitrelli,spitrelliqt@sciencedaily.com,10/13/2022,Green,Suzuki,amet diam in magna bibendum imperdiet nullam orci pede venenatis non sodales sed tincidunt eu
Farrand,Brunt,fbruntqu@usgs.gov,8/31/2023,Goldenrod,Chevrolet,augue vestibulum ante ipsum primis in faucibus orci luctus et ultrices posuere cubilia curae donec pharetra magna vestibulum
Pippa,Stare,pstareqv@bing.com,12/3/2022,Aquamarine,Dodge,congue diam id ornare imperdiet sapien urna pretium nisl ut volutpat sapien arcu sed augue aliquam
Barbi,Bilbrey,bbilbreyqw@live.com,9/27/2023,Puce,Volvo,libero nullam sit amet turpis elementum ligula vehicula consequat morbi a ipsum integer a nibh
Ira,Klimsch,iklimschqx@wired.com,12/11/2022,Mauv,Subaru,sit amet erat nulla tempus vivamus in felis eu sapien cursus vestibulum proin eu
Mala,Daniellot,mdaniellotqy@google.com,6/5/2023,Turquoise,Mercedes-Benz,vulputate ut ultrices vel augue vestibulum ante ipsum primis in faucibus orci luctus et ultrices posuere
Billye,Kamien,bkamienqz@hud.gov,1/15/2023,Aquamarine,Kia,augue quam sollicitudin vitae consectetuer eget rutrum at lorem integer tincidunt ante vel ipsum praesent blandit lacinia erat vestibulum sed
Magnum,Hofner,mhofnerr0@phoca.cz,12/11/2022,Turquoise,Bentley,nibh ligula nec sem duis aliquam convallis nunc proin at turpis a pede
Twyla,Willingham,twillinghamr1@ihg.com,1/20/2023,Fuscia,Ford,eu interdum eu tincidunt in leo maecenas pulvinar lobortis est phasellus sit amet erat nulla tempus
Dianne,Whittam,dwhittamr2@mit.edu,8/20/2023,Goldenrod,BMW,sapien iaculis congue vivamus metus arcu adipiscing molestie hendrerit at vulputate vitae nisl aenean lectus pellentesque eget nunc donec quis
Karon,Elston,kelstonr3@nyu.edu,11/29/2022,Red,Honda,justo maecenas rhoncus aliquam lacus morbi quis tortor id nulla ultrices aliquet maecenas
Bree,Tuckey,btuckeyr4@adobe.com,5/14/2023,Khaki,Maserati,donec posuere metus vitae ipsum aliquam non mauris morbi non lectus aliquam sit amet diam in magna bibendum
Alida,Syplus,asyplusr5@barnesandnoble.com,10/8/2023,Indigo,Ford,in lacus curabitur at ipsum ac tellus semper interdum mauris ullamcorper
Britte,Brolechan,bbrolechanr6@goo.gl,10/26/2022,Violet,Isuzu,nisl nunc nisl duis bibendum felis sed interdum venenatis turpis enim blandit mi in porttitor pede
Jacynth,Luty,jlutyr7@icio.us,3/19/2023,Khaki,Chevrolet,aliquet ultrices erat tortor sollicitudin mi sit amet lobortis sapien sapien non mi integer ac neque duis bibendum morbi non
Mary,Derisly,mderislyr8@wikipedia.org,10/20/2022,Red,Audi,in lectus pellentesque at nulla suspendisse potenti cras in purus eu magna vulputate luctus cum sociis natoque
Andrea,Willans,awillansr9@spotify.com,1/5/2023,Goldenrod,Mercedes-Benz,sed tristique in tempus sit amet sem fusce consequat nulla nisl nunc nisl duis
Arv,Tibb,atibbra@army.mil,7/8/2023,Red,Mitsubishi,at vulputate vitae nisl aenean lectus pellentesque eget nunc donec quis orci
Kalindi,Corrigan,kcorriganrb@blogspot.com,6/26/2023,Violet,Chevrolet,quis libero nullam sit amet turpis elementum ligula vehicula consequat morbi a ipsum
Twyla,Abbs,tabbsrc@fastcompany.com,10/25/2022,Orange,Land Rover,platea dictumst maecenas ut massa quis augue luctus tincidunt nulla
Pepi,Liveing,pliveingrd@harvard.edu,4/29/2023,Turquoise,Toyota,integer a nibh in quis justo maecenas rhoncus aliquam lacus morbi quis tortor id nulla
Claudette,Jewiss,cjewissre@blogtalkradio.com,12/29/2022,Crimson,Saab,eget tincidunt eget tempus vel pede morbi porttitor lorem id ligula suspendisse ornare consequat lectus in est risus auctor
Anitra,Fairbrother,afairbrotherrf@ycombinator.com,1/9/2023,Turquoise,Chevrolet,integer ac neque duis bibendum morbi non quam nec dui luctus rutrum nulla tellus in sagittis
Gaye,Gaishson,ggaishsonrg@4shared.com,2/2/2023,Fuscia,Saab,donec odio justo sollicitudin ut suscipit a feugiat et eros
Marga,Bridgett,mbridgettrh@oakley.com,1/10/2023,Goldenrod,Volvo,feugiat non pretium quis lectus suspendisse potenti in eleifend quam a odio in hac habitasse platea dictumst
Frederique,Coode,fcooderi@zdnet.com,9/6/2023,Turquoise,Saturn,blandit nam nulla integer pede justo lacinia eget tincidunt eget
Samara,Bramham,sbramhamrj@taobao.com,7/29/2023,Turquoise,Toyota,tortor id nulla ultrices aliquet maecenas leo odio condimentum id luctus nec molestie sed justo pellentesque viverra pede
Nicol,Rentenbeck,nrentenbeckrk@bloglovin.com,2/27/2023,Pink,GMC,pharetra magna ac consequat metus sapien ut nunc vestibulum ante ipsum primis
Abe,Gagin,agaginrl@privacy.gov.au,7/20/2023,Goldenrod,GMC,praesent blandit lacinia erat vestibulum sed magna at nunc commodo placerat praesent blandit nam nulla integer
Gustav,Briskey,gbriskeyrm@miitbeian.gov.cn,10/22/2022,Blue,Toyota,ipsum primis in faucibus orci luctus et ultrices posuere cubilia curae mauris viverra diam
Dulcinea,Marfell,dmarfellrn@examiner.com,2/11/2023,Khaki,Chevrolet,montes nascetur ridiculus mus etiam vel augue vestibulum rutrum rutrum neque aenean
Barby,Agius,bagiusro@mayoclinic.com,2/7/2023,Mauv,Volkswagen,ligula nec sem duis aliquam convallis nunc proin at turpis a pede
Madeleine,Everingham,meveringhamrp@pagesperso-orange.fr,10/17/2022,Indigo,Chrysler,sem praesent id massa id nisl venenatis lacinia aenean sit amet justo morbi ut odio
Lizabeth,Handrick,lhandrickrq@cnet.com,2/25/2023,Turquoise,Honda,rutrum nulla nunc purus phasellus in felis donec semper sapien a libero
Felike,Beagrie,fbeagrierr@nyu.edu,4/19/2023,Turquoise,Infiniti,ultrices mattis odio donec vitae nisi nam ultrices libero non mattis
